date,RSI
2000-06-16,39.1317
2000-06-19,39.6231
2000-06-20,40.1665
2000-06-21,42.5839
2000-06-22,42.3358
2000-06-23,41.6794
2000-06-26,42.4331
2000-06-27,42.2215
2000-06-28,42.2767
2000-06-29,41.7316
2000-06-30,42.9331
2000-07-03,42.9331
2000-07-05,42.4498
2000-07-06,43.5018
2000-07-07,43.9544
2000-07-10,43.1063
2000-07-11,43.0008
2000-07-12,43.5234
2000-07-13,43.3976
2000-07-14,43.0555
2000-07-17,42.7982
2000-07-18,42.9416
2000-07-19,41.1231
2000-07-20,41.9089
2000-07-21,41.084
2000-07-24,40.5162
2000-07-25,40.0149
2000-07-26,39.6345
2000-07-27,40.39
2000-07-28,40.5452
2000-07-31,40.6042
2000-08-01,40.2255
2000-08-02,40.5678
2000-08-03,41.0123
2000-08-04,40.6156
2000-08-07,41.0671
2000-08-08,43.1258
2000-08-09,43.1895
2000-08-10,42.5815
2000-08-11,42.5143
2000-08-14,42.4197
2000-08-15,42.2021
2000-08-16,41.9639
2000-08-17,42.2632
2000-08-18,42.0427
2000-08-21,41.8919
2000-08-22,42.2413
2000-08-23,42.0373
2000-08-24,42.2471
2000-08-25,42.038
2000-08-28,42.4379
2000-08-29,42.2788
2000-08-30,41.8733
2000-08-31,41.7909
2000-09-01,42.0229
2000-09-05,41.9916
2000-09-06,41.6843
2000-09-07,42.0773
2000-09-08,41.7313
2000-09-11,41.5
2000-09-12,41.1796
2000-09-13,41.2665
2000-09-14,40.135
2000-09-15,39.4055
2000-09-18,38.8776
2000-09-19,40.2458
2000-09-20,39.9051
2000-09-21,39.8777
2000-09-22,39.4452
2000-09-25,38.5409
2000-09-26,39.5555
2000-09-27,38.6278
2000-09-28,39.1072
2000-09-29,38.6556
2000-10-02,38.1273
2000-10-03,37.0069
2000-10-04,36.5312
2000-10-05,36.5057
2000-10-06,36.6409
2000-10-09,36.0465
2000-10-10,36.3302
2000-10-11,37.2408
2000-10-12,36.6275
2000-10-13,36.3476
2000-10-16,34.8968
2000-10-17,34.9438
2000-10-18,35.9705
2000-10-19,43.0394
2000-10-20,45.0551
2000-10-23,43.6044
2000-10-24,43.3124
2000-10-25,43.1957
2000-10-26,45.1151
2000-10-27,46.9715
2000-10-30,47.7294
2000-10-31,47.6334
2000-11-01,48.0529
2000-11-02,48.4393
2000-11-03,47.3694
2000-11-06,48.0771
2000-11-07,48.639
2000-11-08,48.0782
2000-11-09,48.8867
2000-11-10,47.0626
2000-11-13,46.5928
2000-11-14,47.9396
2000-11-15,48.6343
2000-11-16,48.05
2000-11-17,48.1179
2000-11-20,47.1413
2000-11-21,47.466
2000-11-22,47.7574
2000-11-24,48.7349
2000-11-27,49.1641
2000-11-28,47.1872
2000-11-29,46.1941
2000-11-30,42.5859
2000-12-01,42.258
2000-12-04,42.1744
2000-12-05,44.2075
2000-12-06,42.7888
2000-12-07,41.2851
2000-12-08,42.0472
2000-12-11,44.0867
2000-12-12,44.2631
2000-12-13,43.7674
2000-12-14,43.0089
2000-12-15,40.4389
2000-12-18,39.9086
2000-12-19,38.7841
2000-12-20,37.5954
2000-12-21,38.7149
2000-12-22,40.3964
2000-12-26,40.6393
2000-12-27,40.4716
2000-12-28,39.7585
2000-12-29,39.3164
2001-01-02,39.3164
2001-01-03,41.8987
2001-01-04,42.1731
2001-01-05,42.5539
2001-01-08,42.4755
2001-01-09,44.0571
2001-01-10,44.6342
2001-01-11,45.7616
2001-01-12,45.1008
2001-01-16,44.6895
2001-01-17,44.8961
2001-01-18,46.2709
2001-01-19,49.0482
2001-01-22,48.6438
2001-01-23,48.8557
2001-01-24,50.0171
2001-01-25,49.4747
2001-01-26,50.532
2001-01-29,50.7712
2001-01-30,50.2181
2001-01-31,49.0914
2001-02-01,49.7438
2001-02-02,48.9845
2001-02-05,49.5482
2001-02-06,49.8573
2001-02-07,50.9082
2001-02-08,49.6949
2001-02-09,48.2011
2001-02-12,48.0223
2001-02-13,47.7568
2001-02-14,47.8562
2001-02-15,48.0837
2001-02-16,47.3509
2001-02-20,46.6614
2001-02-21,46.865
2001-02-22,46.3496
2001-02-23,47.2183
2001-02-26,48.7388
2001-02-27,48.6475
2001-02-28,48.4527
2001-03-01,48.6508
2001-03-02,47.2801
2001-03-05,47.701
2001-03-06,48.8094
2001-03-07,49.4898
2001-03-08,48.731
2001-03-09,47.4167
2001-03-12,45.1204
2001-03-13,46.3714
2001-03-14,46.2808
2001-03-15,46.1313
2001-03-16,46.6235
2001-03-19,46.4994
2001-03-20,45.6973
2001-03-21,44.4321
2001-03-22,46.6812
2001-03-23,48.07
2001-03-26,47.8226
2001-03-27,48.992
2001-03-28,47.6578
2001-03-29,47.5696
2001-03-30,47.2291
2001-04-02,47.8454
2001-04-03,46.6434
2001-04-04,45.9477
2001-04-05,48.5541
2001-04-06,48.2785
2001-04-09,48.7853
2001-04-10,50.096
2001-04-11,50.2801
2001-04-12,51.3648
2001-04-16,50.6351
2001-04-17,50.9866
2001-04-18,52.9375
2001-04-19,54.1634
2001-04-20,54.6058
2001-04-23,54.1903
2001-04-24,53.8018
2001-04-25,54.8091
2001-04-26,54.4929
2001-04-27,53.3691
2001-04-30,53.6736
2001-05-01,54.826
2001-05-02,54.5921
2001-05-03,53.8904
2001-05-04,54.9531
2001-05-07,55.2507
2001-05-08,55.573
2001-05-09,54.597
2001-05-10,54.3631
2001-05-11,54.01
2001-05-14,53.6088
2001-05-15,53.3421
2001-05-16,53.8043
2001-05-17,53.208
2001-05-18,53.1596
2001-05-21,53.5358
2001-05-22,54.3455
2001-05-23,53.9617
2001-05-24,55.0311
2001-05-25,54.5148
2001-05-29,54.1511
2001-05-30,53.4201
2001-05-31,53.4137
2001-06-01,54.0606
2001-06-04,54.3054
2001-06-05,55.307
2001-06-06,55.1449
2001-06-07,55.8684
2001-06-08,55.5303
2001-06-11,54.7939
2001-06-12,54.7663
2001-06-13,53.8081
2001-06-14,52.6028
2001-06-15,52.0202
2001-06-18,51.2722
2001-06-19,51.5457
2001-06-20,52.8247
2001-06-21,53.0838
2001-06-22,52.3964
2001-06-25,52.4088
2001-06-26,53.2089
2001-06-27,53.821
2001-06-28,54.7834
2001-06-29,54.9386
2001-07-02,53.2238
2001-07-03,53.1324
2001-07-05,51.77
2001-07-06,50.1358
2001-07-09,49.8939
2001-07-10,49.106
2001-07-11,50.4348
2001-07-12,53.5489
2001-07-13,53.375
2001-07-16,53.2668
2001-07-17,53.6491
2001-07-18,52.7913
2001-07-19,53.9884
2001-07-20,51.7275
2001-07-23,50.4041
2001-07-24,49.9255
2001-07-25,50.6434
2001-07-26,50.0832
2001-07-27,49.384
2001-07-30,49.5948
2001-07-31,49.8459
2001-08-01,50.0277
2001-08-02,50.664
2001-08-03,50.2919
2001-08-06,49.7871
2001-08-07,49.9351
2001-08-08,48.9421
2001-08-09,49.0458
2001-08-10,49.4012
2001-08-13,49.6185
2001-08-14,48.8344
2001-08-15,47.8297
2001-08-16,48.8496
2001-08-17,47.0449
2001-08-20,47.6337
2001-08-21,46.4051
2001-08-22,46.3292
2001-08-23,45.3603
2001-08-24,47.4852
2001-08-27,47.6689
2001-08-28,46.6667
2001-08-29,46.3573
2001-08-30,44.3384
2001-08-31,44.4202
2001-09-04,43.8541
2001-09-05,45.0827
2001-09-06,44.0545
2001-09-07,43.6893
2001-09-10,45.3106
2001-09-17,42.6362
2001-09-18,43.6573
2001-09-19,43.4065
2001-09-20,41.7222
2001-09-21,41.1736
2001-09-24,42.8475
2001-09-25,42.4682
2001-09-26,41.9206
2001-09-27,41.7558
2001-09-28,42.6506
2001-10-01,43.1061
2001-10-02,44.0249
2001-10-03,46.2525
2001-10-04,46.3958
2001-10-05,47.2671
2001-10-08,47.4841
2001-10-09,45.417
2001-10-10,46.0688
2001-10-11,46.6214
2001-10-12,46.6626
2001-10-15,47.8089
2001-10-16,48.0724
2001-10-17,46.5883
2001-10-18,47.0826
2001-10-19,47.8663
2001-10-22,49.3649
2001-10-23,49.5411
2001-10-24,50.123
2001-10-25,50.9248
2001-10-26,50.6842
2001-10-29,49.0099
2001-10-30,48.526
2001-10-31,48.0624
2001-11-01,50.4936
2001-11-02,50.2086
2001-11-05,51.3943
2001-11-06,52.3266
2001-11-07,51.9708
2001-11-08,52.0771
2001-11-09,52.5731
2001-11-12,52.9368
2001-11-13,54.2352
2001-11-14,52.8645
2001-11-15,52.9699
2001-11-16,52.7091
2001-11-19,53.2093
2001-11-20,52.396
2001-11-21,51.4489
2001-11-23,51.8813
2001-11-26,52.1636
2001-11-27,51.1696
2001-11-28,50.5124
2001-11-29,51.8765
2001-11-30,51.4313
2001-12-03,51.8052
2001-12-04,52.6199
2001-12-05,53.971
2001-12-06,54.3179
2001-12-07,53.7042
2001-12-10,53.1309
2001-12-11,53.3021
2001-12-12,53.7186
2001-12-13,52.4499
2001-12-14,53.2322
2001-12-17,54.2398
2001-12-18,54.4278
2001-12-19,54.5718
2001-12-20,52.4791
2001-12-21,53.0027
2001-12-24,52.7979
2001-12-26,53.0779
2001-12-27,53.195
2001-12-28,53.209
2001-12-31,51.9324
2002-01-02,52.4976
2002-01-03,54.0217
2002-01-04,53.7574
2002-01-07,53.4832
2002-01-08,54.0579
2002-01-09,53.5086
2002-01-10,53.9137
2002-01-11,53.3579
2002-01-14,53.2413
2002-01-15,54.0296
2002-01-16,52.626
2002-01-17,54.0635
2002-01-18,51.0851
2002-01-22,49.8665
2002-01-23,49.3411
2002-01-24,49.9813
2002-01-25,49.3908
2002-01-28,49.406
2002-01-29,48.2998
2002-01-30,48.7124
2002-01-31,49.3791
2002-02-01,48.5948
2002-02-04,47.4703
2002-02-05,47.4943
2002-02-06,46.9474
2002-02-07,46.5116
2002-02-08,47.2175
2002-02-11,47.6144
2002-02-12,46.875
2002-02-13,48.2616
2002-02-14,48.1551
2002-02-15,47.0611
2002-02-19,46.1061
2002-02-20,46.9234
2002-02-21,45.5827
2002-02-22,45.5397
2002-02-25,46.4708
2002-02-26,46.0812
2002-02-27,45.963
2002-02-28,45.9255
2002-03-01,48.5119
2002-03-04,50.0592
2002-03-05,49.8854
2002-03-06,50.3239
2002-03-07,49.5938
2002-03-08,50.5793
2002-03-11,50.8889
2002-03-12,49.4353
2002-03-13,49.0868
2002-03-14,48.3928
2002-03-15,49.4418
2002-03-18,49.1618
2002-03-19,49.237
2002-03-20,47.5444
2002-03-21,48.6072
2002-03-22,47.8945
2002-03-25,46.9559
2002-03-26,46.8411
2002-03-27,47.1563
2002-03-28,47.9155
2002-04-01,47.9767
2002-04-02,45.5672
2002-04-03,44.865
2002-04-04,44.9739
2002-04-05,44.5413
2002-04-08,45.7758
2002-04-09,44.0405
2002-04-10,45.3231
2002-04-11,44.2343
2002-04-12,45.2442
2002-04-15,45.0695
2002-04-16,46.9114
2002-04-17,46.0376
2002-04-18,45.8462
2002-04-19,46.5672
2002-04-22,45.3755
2002-04-23,44.2316
2002-04-24,43.5546
2002-04-25,44.1904
2002-04-26,42.6557
2002-04-29,43.32
2002-04-30,43.3381
2002-05-01,43.7839
2002-05-02,42.7099
2002-05-03,41.598
2002-05-06,40.98
2002-05-07,41.7755
2002-05-08,46.5188
2002-05-09,44.604
2002-05-10,43.2879
2002-05-13,45.3782
2002-05-14,47.0254
2002-05-15,46.94
2002-05-16,47.6763
2002-05-17,47.8918
2002-05-20,46.5347
2002-05-21,45.357
2002-05-22,46.492
2002-05-23,47.3301
2002-05-24,46.3117
2002-05-28,45.709
2002-05-29,45.5359
2002-05-30,45.9904
2002-05-31,44.8738
2002-06-03,43.9394
2002-06-04,44.382
2002-06-05,45.6903
2002-06-06,45.8753
2002-06-07,45.9377
2002-06-10,46.5953
2002-06-11,46.4243
2002-06-12,48.6977
2002-06-13,47.7813
2002-06-14,48.5496
2002-06-17,48.869
2002-06-18,49.1006
2002-06-19,47.9393
2002-06-20,47.7561
2002-06-21,46.4912
2002-06-24,47.9397
2002-06-25,47.1051
2002-06-26,48.0028
2002-06-27,48.5969
2002-06-28,48.4401
2002-07-01,47.0106
2002-07-02,46.1817
2002-07-03,46.4962
2002-07-05,48.7868
2002-07-08,47.4619
2002-07-09,47.679
2002-07-10,47.018
2002-07-11,47.529
2002-07-12,46.8095
2002-07-15,46.7684
2002-07-16,46.3884
2002-07-17,46.9858
2002-07-18,46.3623
2002-07-19,45.2978
2002-07-22,43.9408
2002-07-23,41.1865
2002-07-24,43.7521
2002-07-25,41.7944
2002-07-26,43.6934
2002-07-29,45.7643
2002-07-30,45.6759
2002-07-31,45.6043
2002-08-01,44.2915
2002-08-02,43.5258
2002-08-05,43.2873
2002-08-06,44.5239
2002-08-07,45.5446
2002-08-08,46.8199
2002-08-09,46.3408
2002-08-12,46.5871
2002-08-13,45.7274
2002-08-14,47.5763
2002-08-15,47.6174
2002-08-16,47.777
2002-08-19,49.1468
2002-08-20,48.5255
2002-08-21,49.3663
2002-08-22,50.0026
2002-08-23,49.3323
2002-08-26,49.2526
2002-08-27,48.4166
2002-08-28,47.4672
2002-08-29,48.3143
2002-08-30,47.3438
2002-09-03,46.0519
2002-09-04,46.9031
2002-09-05,45.4923
2002-09-06,46.8426
2002-09-09,47.4525
2002-09-10,48.2011
2002-09-11,47.4382
2002-09-12,46.5526
2002-09-13,47.0865
2002-09-16,47.0048
2002-09-17,46.6943
2002-09-18,47.0283
2002-09-19,46.6727
2002-09-20,46.8659
2002-09-23,45.4306
2002-09-24,45.7413
2002-09-25,46.3998
2002-09-26,46.1967
2002-09-27,45.5747
2002-09-30,44.6041
2002-10-01,46.5143
2002-10-02,46.1117
2002-10-03,45.5874
2002-10-04,44.9269
2002-10-07,45.1466
2002-10-08,45.8837
2002-10-09,45.2262
2002-10-10,47.0697
2002-10-11,48.8922
2002-10-14,49.1922
2002-10-15,51.2705
2002-10-16,49.968
2002-10-17,50.2143
2002-10-18,51.8093
2002-10-21,51.3593
2002-10-22,50.7708
2002-10-23,51.794
2002-10-24,50.4217
2002-10-25,51.3858
2002-10-28,50.8793
2002-10-29,50.9601
2002-10-30,51.661
2002-10-31,51.9031
2002-11-01,51.5603
2002-11-04,53.6148
2002-11-05,53.9861
2002-11-06,54.211
2002-11-07,53.4368
2002-11-08,52.7533
2002-11-11,51.8345
2002-11-12,52.2776
2002-11-13,52.8543
2002-11-14,53.9399
2002-11-15,53.7084
2002-11-18,53.0601
2002-11-19,52.3034
2002-11-20,53.5023
2002-11-21,54.3118
2002-11-22,54.5624
2002-11-25,54.5691
2002-11-26,53.507
2002-11-27,54.3093
2002-11-29,53.9882
2002-12-02,53.9951
2002-12-03,53.198
2002-12-04,53.0599
2002-12-05,52.0887
2002-12-06,52.1851
2002-12-09,50.6386
2002-12-10,51.0039
2002-12-11,51.4983
2002-12-12,51.103
2002-12-13,49.7787
2002-12-16,51.3004
2002-12-17,51.2047
2002-12-18,50.5421
2002-12-19,50.2077
2002-12-20,50.1515
2002-12-23,50.9182
2002-12-24,50.7693
2002-12-26,50.4112
2002-12-27,50.0605
2002-12-30,49.8756
2002-12-31,48.9975
2003-01-02,50.6958
2003-01-03,50.7536
2003-01-06,51.5619
2003-01-07,52.397
2003-01-08,51.0416
2003-01-09,52.3044
2003-01-10,52.3918
2003-01-13,52.7683
2003-01-14,53.2324
2003-01-15,52.5981
2003-01-16,51.7735
2003-01-17,48.5038
2003-01-21,48.3999
2003-01-22,48.1338
2003-01-23,49.2348
2003-01-24,47.2964
2003-01-27,46.7724
2003-01-28,46.5027
2003-01-29,47.4621
2003-01-30,46.1719
2003-01-31,45.5834
2003-02-03,46.5603
2003-02-04,45.6214
2003-02-05,45.3514
2003-02-06,45.7685
2003-02-07,45.1289
2003-02-10,45.8616
2003-02-11,45.1413
2003-02-12,45.1413
2003-02-13,45.6578
2003-02-14,46.8694
2003-02-18,33.3834
2003-02-19,33.2044
2003-02-20,33.041
2003-02-21,33.4594
2003-02-24,33.2181
2003-02-25,33.3229
2003-02-26,33.0679
2003-02-27,33.0546
2003-02-28,33.164
2003-03-03,33.0907
2003-03-04,32.8736
2003-03-05,33.2243
2003-03-06,33.1434
2003-03-07,33.4246
2003-03-10,33.1265
2003-03-11,33.0528
2003-03-12,33.6435
2003-03-13,34.9104
2003-03-14,35.0975
2003-03-17,36.1484
2003-03-18,36.2564
2003-03-19,36.534
2003-03-20,36.4936
2003-03-21,36.8185
2003-03-24,36.0679
2003-03-25,36.2743
2003-03-26,36.1319
2003-03-27,36.0062
2003-03-28,35.783
2003-03-31,35.5048
2003-04-01,35.6597
2003-04-02,37.1608
2003-04-03,37.1717
2003-04-04,36.7574
2003-04-07,36.8469
2003-04-08,37.3091
2003-04-09,36.6374
2003-04-10,36.6603
2003-04-11,36.3987
2003-04-14,37.0546
2003-04-15,36.9439
2003-04-16,37.3248
2003-04-17,38.0149
2003-04-21,37.8032
2003-04-22,38.464
2003-04-23,38.4338
2003-04-24,38.2581
2003-04-25,38.0506
2003-04-28,38.702
2003-04-29,38.7775
2003-04-30,38.5921
2003-05-01,38.7862
2003-05-02,39.2807
2003-05-05,39.0779
2003-05-06,39.7499
2003-05-07,39.4205
2003-05-08,39.2031
2003-05-09,40.0371
2003-05-12,39.8935
2003-05-13,39.7034
2003-05-14,39.3672
2003-05-15,39.6061
2003-05-16,39.4018
2003-05-19,38.6552
2003-05-20,38.536
2003-05-21,37.9863
2003-05-22,38.1806
2003-05-23,38.2713
2003-05-27,39.1349
2003-05-28,38.7672
2003-05-29,38.7575
2003-05-30,39.0844
2003-06-02,39.1317
2003-06-03,39.5131
2003-06-04,39.5026
2003-06-05,38.688
2003-06-06,38.256
2003-06-09,38.3892
2003-06-10,39.9222
2003-06-11,40.2473
2003-06-12,40.4276
2003-06-13,40.0477
2003-06-16,41.2692
2003-06-17,42.1919
2003-06-18,42.3696
2003-06-19,42.3696
2003-06-20,42.7993
2003-06-23,42.1236
2003-06-24,42.0254
2003-06-25,41.4848
2003-06-26,42.3251
2003-06-27,42.1742
2003-06-30,42.1917
2003-07-01,43.0829
2003-07-02,44.3322
2003-07-03,43.823
2003-07-07,45.368
2003-07-08,45.8291
2003-07-09,45.5082
2003-07-10,44.7328
2003-07-11,45.4085
2003-07-14,45.5608
2003-07-15,45.3748
2003-07-16,45.8074
2003-07-17,44.6146
2003-07-18,44.9658
2003-07-21,43.7665
2003-07-22,44.37
2003-07-23,44.4948
2003-07-24,43.852
2003-07-25,45.4373
2003-07-28,45.0306
2003-07-29,44.8265
2003-07-30,44.4751
2003-07-31,44.8051
2003-08-01,44.447
2003-08-04,44.4658
2003-08-05,43.6836
2003-08-06,43.6686
2003-08-07,43.7865
2003-08-08,43.5855
2003-08-11,43.6462
2003-08-12,43.8919
2003-08-13,43.6821
2003-08-14,43.7452
2003-08-15,43.5961
2003-08-18,43.9415
2003-08-19,45.8791
2003-08-20,45.583
2003-08-21,45.2165
2003-08-22,45.1813
2003-08-25,45.782
2003-08-26,45.9326
2003-08-27,45.6562
2003-08-28,45.855
2003-08-29,45.8774
2003-09-02,47.5097
2003-09-03,49.6788
2003-09-04,49.9417
2003-09-05,49.8399
2003-09-08,50.7792
2003-09-09,49.81
2003-09-10,48.1785
2003-09-11,48.7819
2003-09-12,49.8065
2003-09-15,49.8474
2003-09-16,50.9427
2003-09-17,50.1181
2003-09-18,52.0896
2003-09-19,52.9593
2003-09-22,51.133
2003-09-23,52.1327
2003-09-24,49.8998
2003-09-25,49.4838
2003-09-26,49.3886
2003-09-29,50.6245
2003-09-30,48.6791
2003-10-01,50.0438
2003-10-02,50.0062
2003-10-03,51.089
2003-10-06,51.2924
2003-10-07,51.194
2003-10-08,50.5624
2003-10-09,50.7939
2003-10-10,50.7335
2003-10-13,50.4691
2003-10-14,50.2641
2003-10-15,51.0525
2003-10-16,51.3741
2003-10-17,50.7385
2003-10-20,51.5912
2003-10-21,51.5912
2003-10-22,50.5991
2003-10-23,50.6411
2003-10-24,46.0645
2003-10-27,46.7034
2003-10-28,47.3168
2003-10-29,46.4543
2003-10-30,45.3218
2003-10-31,45.3655
2003-11-03,46.5385
2003-11-04,45.4183
2003-11-05,45.484
2003-11-06,45.7713
2003-11-07,45.5273
2003-11-10,45.3382
2003-11-11,44.9584
2003-11-12,45.3772
2003-11-13,44.8185
2003-11-14,44.4538
2003-11-17,43.7864
2003-11-18,43.7864
2003-11-19,44.2808
2003-11-20,43.7912
2003-11-21,43.8165
2003-11-24,45.365
2003-11-25,44.6982
2003-11-26,44.8231
2003-11-28,45.4747
2003-12-01,45.8002
2003-12-02,45.4184
2003-12-03,45.4441
2003-12-04,46.7938
2003-12-05,46.3102
2003-12-08,46.9689
2003-12-09,47.3228
2003-12-10,47.8537
2003-12-11,47.9046
2003-12-12,48.0077
2003-12-15,48.2421
2003-12-16,49.0723
2003-12-17,49.0223
2003-12-18,49.9553
2003-12-19,49.8522
2003-12-22,49.3858
2003-12-23,49.3076
2003-12-24,49.0182
2003-12-26,49.4842
2003-12-29,50.1653
2003-12-30,50.3288
2003-12-31,49.9126
2004-01-02,50.1362
2004-01-05,52.0158
2004-01-06,52.2809
2004-01-07,52.1929
2004-01-08,52.0445
2004-01-09,50.5816
2004-01-12,50.3227
2004-01-13,49.9185
2004-01-14,50.6952
2004-01-15,50.2258
2004-01-16,51.0044
2004-01-20,51.8275
2004-01-21,52.3884
2004-01-22,51.5041
2004-01-23,52.8168
2004-01-26,53.6849
2004-01-27,52.0123
2004-01-28,50.4431
2004-01-29,50.9999
2004-01-30,50.2535
2004-02-02,49.5444
2004-02-03,49.2336
2004-02-04,48.4467
2004-02-05,48.3066
2004-02-06,48.6691
2004-02-09,48.1539
2004-02-10,48.5233
2004-02-11,48.9243
2004-02-12,48.3353
2004-02-13,47.2931
2004-02-17,48.5467
2004-02-18,47.9093
2004-02-19,47.0247
2004-02-20,47.3753
2004-02-23,47.5038
2004-02-24,48.3692
2004-02-25,47.8346
2004-02-26,47.2446
2004-02-27,47.3436
2004-03-01,47.9074
2004-03-02,46.9747
2004-03-03,46.9148
2004-03-04,46.9148
2004-03-05,46.853
2004-03-08,45.2757
2004-03-09,44.9502
2004-03-10,43.9282
2004-03-11,43.1304
2004-03-12,44.1978
2004-03-15,43.5669
2004-03-16,43.6413
2004-03-17,43.4956
2004-03-18,42.7979
2004-03-19,42.0548
2004-03-22,41.6868
2004-03-23,40.7113
2004-03-24,41.7412
2004-03-25,44.6732
2004-03-26,44.2091
2004-03-29,45.222
2004-03-30,44.8963
2004-03-31,44.1036
2004-04-01,44.6557
2004-04-02,47.3694
2004-04-05,47.7114
2004-04-06,47.2446
2004-04-07,46.5999
2004-04-08,46.2636
2004-04-12,46.7257
2004-04-13,46.2281
2004-04-14,46.4456
2004-04-15,45.5249
2004-04-16,45.3545
2004-04-19,46.7193
2004-04-20,46.0865
2004-04-21,46.5284
2004-04-22,48.3231
2004-04-23,53.3828
2004-04-26,52.3984
2004-04-27,52.333
2004-04-28,50.2282
2004-04-29,49.9804
2004-04-30,48.907
2004-05-03,49.599
2004-05-04,49.5369
2004-05-05,49.4426
2004-05-06,48.8749
2004-05-07,47.8201
2004-05-10,48.3205
2004-05-11,48.354
2004-05-12,48.354
2004-05-13,48.9034
2004-05-14,48.1226
2004-05-17,47.1028
2004-05-18,48.1161
2004-05-19,47.4468
2004-05-20,47.8333
2004-05-21,48.3948
2004-05-24,47.9682
2004-05-25,49.1601
2004-05-26,49.2991
2004-05-27,49.4746
2004-05-28,49.6165
2004-06-01,49.195
2004-06-02,49.268
2004-06-03,48.4183
2004-06-04,48.6435
2004-06-07,50.4049
2004-06-08,51.0101
2004-06-09,50.5306
2004-06-10,51.5984
2004-06-14,52.0544
2004-06-15,53.775
2004-06-16,53.4467
2004-06-17,54.925
2004-06-18,56.733
2004-06-21,56.733
2004-06-22,56.491
2004-06-23,56.5224
2004-06-24,56.808
2004-06-25,57.3775
2004-06-28,56.1642
2004-06-29,56.8678
2004-06-30,57.059
2004-07-01,57.2836
2004-07-02,57.0236
2004-07-06,54.7089
2004-07-07,54.9792
2004-07-08,53.125
2004-07-09,53.8815
2004-07-12,53.9845
2004-07-13,52.8249
2004-07-14,54.6359
2004-07-15,53.6092
2004-07-16,52.1154
2004-07-19,53.6967
2004-07-20,54.8893
2004-07-21,56.5503
2004-07-22,56.968
2004-07-23,53.3536
2004-07-26,55.2298
2004-07-27,54.452
2004-07-28,54.8634
2004-07-29,54.5058
2004-07-30,54.5359
2004-08-02,54.6276
2004-08-03,52.9973
2004-08-04,52.9616
2004-08-05,51.1052
2004-08-06,49.7989
2004-08-09,49.9324
2004-08-10,51.6957
2004-08-11,50.6542
2004-08-12,48.94
2004-08-13,49.4
2004-08-16,49.6307
2004-08-17,49.4996
2004-08-18,50.8535
2004-08-19,49.7291
2004-08-20,49.9937
2004-08-23,50.1271
2004-08-24,50.1271
2004-08-25,51.1715
2004-08-26,50.7877
2004-08-27,50.8559
2004-08-30,50.2893
2004-08-31,50.2893
2004-09-01,50.6094
2004-09-02,51.4224
2004-09-03,49.5821
2004-09-07,50.4658
2004-09-08,50.1085
2004-09-09,50.1802
2004-09-10,50.9336
2004-09-13,50.0539
2004-09-14,50.7389
2004-09-15,49.8246
2004-09-16,50.0807
2004-09-17,50.9894
2004-09-20,50.9894
2004-09-21,50.0472
2004-09-22,49.5261
2004-09-23,50.3892
2004-09-24,50.1616
2004-09-27,49.7806
2004-09-28,50.089
2004-09-29,51.2685
2004-09-30,51.5315
2004-10-01,53.7092
2004-10-04,53.1827
2004-10-05,54.0979
2004-10-06,54.6184
2004-10-07,53.1475
2004-10-08,52.4296
2004-10-11,52.6824
2004-10-12,52.5607
2004-10-13,52.5607
2004-10-14,51.6151
2004-10-15,52.3355
2004-10-18,53.8791
2004-10-19,52.9246
2004-10-20,54.7636
2004-10-21,54.1871
2004-10-22,50.9679
2004-10-25,50.5581
2004-10-26,51.5308
2004-10-27,52.4123
2004-10-28,51.875
2004-10-29,51.721
2004-11-01,52.1186
2004-11-02,52.695
2004-11-03,53.513
2004-11-04,55.3235
2004-11-05,56.335
2004-11-08,56.2097
2004-11-09,57.7692
2004-11-10,57.5989
2004-11-11,58.3787
2004-11-12,58.3351
2004-11-15,48.7695
2004-11-16,47.933
2004-11-17,48.1007
2004-11-18,47.7877
2004-11-19,47.1329
2004-11-22,46.4851
2004-11-23,46.1167
2004-11-24,46.5118
2004-11-26,46.386
2004-11-29,47.0054
2004-11-30,47.1515
2004-12-01,48.7325
2004-12-02,48.1993
2004-12-03,48.6988
2004-12-06,49.0556
2004-12-07,48.1697
2004-12-08,49.2101
2004-12-09,48.7639
2004-12-10,48.2505
2004-12-13,48.8709
2004-12-14,48.8009
2004-12-15,48.3781
2004-12-16,48.5669
2004-12-17,47.8549
2004-12-20,47.8193
2004-12-21,48.2893
2004-12-22,47.9235
2004-12-23,48.0835
2004-12-27,47.49
2004-12-28,47.8987
2004-12-29,47.7099
2004-12-30,47.1802
2004-12-31,47.0285
2005-01-03,47.115
2005-01-04,47.5503
2005-01-05,47.3127
2005-01-06,47.1928
2005-01-07,46.8706
2005-01-10,47.4633
2005-01-11,47.1751
2005-01-12,47.407
2005-01-13,45.342
2005-01-14,44.7588
2005-01-18,45.7057
2005-01-19,44.3903
2005-01-20,43.9364
2005-01-21,43.1513
2005-01-24,43.2495
2005-01-25,44.9425
2005-01-26,44.9035
2005-01-27,45.3845
2005-01-28,45.7218
2005-01-31,46.2045
2005-02-01,46.7344
2005-02-02,47.0718
2005-02-03,45.8894
2005-02-04,46.5718
2005-02-07,45.8991
2005-02-08,46.2936
2005-02-09,45.5754
2005-02-10,45.5332
2005-02-11,45.1501
2005-02-14,45.3579
2005-02-15,45.011
2005-02-16,44.4067
2005-02-17,43.8086
2005-02-18,43.0919
2005-02-22,42.0627
2005-02-23,41.9405
2005-02-24,42.8968
2005-02-25,42.3955
2005-02-28,42.021
2005-03-01,42.7072
2005-03-02,42.6217
2005-03-03,42.2348
2005-03-04,42.2348
2005-03-07,43.9879
2005-03-08,43.6734
2005-03-09,43.2689
2005-03-10,43.9725
2005-03-11,42.4553
2005-03-14,42.5738
2005-03-15,41.7003
2005-03-16,40.5167
2005-03-17,40.1443
2005-03-18,39.2077
2005-03-21,38.7677
2005-03-22,37.9412
2005-03-23,39.1352
2005-03-24,39.7555
2005-03-28,39.4286
2005-03-29,38.3073
2005-03-30,39.7996
2005-03-31,39.8612
2005-04-01,39.6548
2005-04-04,40.346
2005-04-05,41.8247
2005-04-06,43.0216
2005-04-07,45.4743
2005-04-08,44.7455
2005-04-11,44.9138
2005-04-12,46.8356
2005-04-13,45.543
2005-04-14,44.6479
2005-04-15,43.0143
2005-04-18,44.0551
2005-04-19,43.9692
2005-04-20,42.6571
2005-04-21,47.3946
2005-04-22,46.2954
2005-04-25,46.344
2005-04-26,45.382
2005-04-27,46.5112
2005-04-28,44.3233
2005-04-29,48.2222
2005-05-02,47.941
2005-05-03,48.508
2005-05-04,47.8959
2005-05-05,47.9849
2005-05-06,47.9433
2005-05-09,47.4823
2005-05-10,46.6123
2005-05-11,46.6596
2005-05-12,47.0889
2005-05-13,48.4942
2005-05-16,49.3605
2005-05-17,49.2275
2005-05-18,50.3162
2005-05-19,51.2898
2005-05-20,50.4669
2005-05-23,50.9559
2005-05-24,50.4951
2005-05-25,50.31
2005-05-26,51.1745
2005-05-27,51.9354
2005-05-31,50.6602
2005-06-01,50.7058
2005-06-02,50.6107
2005-06-03,48.9308
2005-06-06,48.657
2005-06-07,49.3297
2005-06-08,48.8186
2005-06-09,49.3522
2005-06-10,48.9746
2005-06-13,48.4096
2005-06-14,48.6605
2005-06-15,48.1838
2005-06-16,47.1502
2005-06-17,47.1502
2005-06-20,47.5206
2005-06-21,47.7335
2005-06-22,47.3429
2005-06-23,48.6255
2005-06-24,47.3072
2005-06-27,47.3609
2005-06-28,47.4699
2005-06-29,47.5803
2005-06-30,46.3425
2005-07-01,45.7137
2005-07-05,47.2263
2005-07-06,45.8781
2005-07-07,45.6415
2005-07-08,48.0396
2005-07-11,49.0781
2005-07-12,50.6818
2005-07-13,50.9274
2005-07-14,52.4211
2005-07-15,51.4955
2005-07-18,50.2915
2005-07-19,53.1245
2005-07-20,53.2577
2005-07-21,54.3571
2005-07-22,50.6725
2005-07-25,50.7172
2005-07-26,50.0256
2005-07-27,50.8436
2005-07-28,50.9796
2005-07-29,50.3189
2005-08-01,51.7275
2005-08-02,55.4181
2005-08-03,57.0682
2005-08-04,57.3238
2005-08-05,58.8882
2005-08-08,55.9042
2005-08-09,56.6837
2005-08-10,54.8897
2005-08-11,56.0221
2005-08-12,55.0558
2005-08-15,55.3407
2005-08-16,53.6548
2005-08-17,54.4152
2005-08-18,53.8589
2005-08-19,53.4316
2005-08-22,54.1347
2005-08-23,53.9603
2005-08-24,53.6964
2005-08-25,54.5257
2005-08-26,54.2562
2005-08-29,54.9358
2005-08-30,55.049
2005-08-31,55.8017
2005-09-01,54.9594
2005-09-02,54.1286
2005-09-06,54.0363
2005-09-07,53.3425
2005-09-08,52.2509
2005-09-09,52.1153
2005-09-12,52.2413
2005-09-13,51.6425
2005-09-14,50.867
2005-09-15,50.6849
2005-09-16,49.7786
2005-09-19,49.4639
2005-09-20,48.7473
2005-09-21,47.2255
2005-09-22,46.5915
2005-09-23,46.2966
2005-09-26,46.2966
2005-09-27,46.6459
2005-09-28,48.2593
2005-09-29,49.5291
2005-09-30,48.586
2005-10-03,47.5769
2005-10-04,45.4085
2005-10-05,44.1876
2005-10-06,44.4814
2005-10-07,43.9326
2005-10-10,43.4266
2005-10-11,43.2319
2005-10-12,42.8025
2005-10-13,44.2862
2005-10-14,44.6887
2005-10-17,44.1214
2005-10-18,44.3268
2005-10-19,46.9062
2005-10-20,45.6649
2005-10-21,45.624
2005-10-24,47.165
2005-10-25,46.8695
2005-10-26,47.254
2005-10-27,46.151
2005-10-28,49.2976
2005-10-31,50.0398
2005-11-01,51.152
2005-11-02,53.1898
2005-11-03,53.0997
2005-11-04,53.972
2005-11-07,55.3166
2005-11-08,55.4659
2005-11-09,55.0421
2005-11-10,55.5439
2005-11-11,56.2693
2005-11-14,56.535
2005-11-15,57.103
2005-11-16,57.9962
2005-11-17,58.8315
2005-11-18,59.1904
2005-11-21,59.5134
2005-11-22,58.2119
2005-11-23,58.249
2005-11-25,57.4186
2005-11-28,57.3666
2005-11-29,56.9993
2005-11-30,56.9993
2005-12-01,57.8369
2005-12-02,58.3088
2005-12-05,57.4371
2005-12-06,56.577
2005-12-07,56.8235
2005-12-08,56.4973
2005-12-09,56.5818
2005-12-12,55.1651
2005-12-13,53.4893
2005-12-14,53.283
2005-12-15,52.4114
2005-12-16,52.309
2005-12-19,51.9478
2005-12-20,52.092
2005-12-21,51.4122
2005-12-22,50.6879
2005-12-23,50.9389
2005-12-27,50.0069
2005-12-28,49.6476
2005-12-29,49.0335
2005-12-30,48.4243
2006-01-03,51.9173
2006-01-04,52.5332
2006-01-05,52.6281
2006-01-06,52.2034
2006-01-09,51.937
2006-01-10,52.6254
2006-01-11,54.013
2006-01-12,53.1934
2006-01-13,53.433
2006-01-17,52.3435
2006-01-18,51.4893
2006-01-19,52.4268
2006-01-20,49.3152
2006-01-23,49.0242
2006-01-24,48.6833
2006-01-25,49.2979
2006-01-26,49.8074
2006-01-27,55.6529
2006-01-30,56.4918
2006-01-31,57.0815
2006-02-01,56.5103
2006-02-02,54.6889
2006-02-03,54.0005
2006-02-06,52.2336
2006-02-07,51.175
2006-02-08,51.0378
2006-02-09,49.904
2006-02-10,50.0395
2006-02-13,48.7005
2006-02-14,49.8824
2006-02-15,50.9002
2006-02-16,50.5823
2006-02-17,50.0824
2006-02-21,49.3608
2006-02-22,50.182
2006-02-23,49.9076
2006-02-24,49.7693
2006-02-27,51.6765
2006-02-28,50.8352
2006-03-01,52.0265
2006-03-02,51.2317
2006-03-03,51.0451
2006-03-06,50.9507
2006-03-07,51.6327
2006-03-08,52.4837
2006-03-09,51.2765
2006-03-10,52.0393
2006-03-13,51.7485
2006-03-14,52.2908
2006-03-15,52.8743
2006-03-16,52.4229
2006-03-17,53.4555
2006-03-20,55.1347
2006-03-21,54.3675
2006-03-22,51.5011
2006-03-23,50.1343
2006-03-24,50.8419
2006-03-27,50.8419
2006-03-28,50.334
2006-03-29,50.8784
2006-03-30,51.8181
2006-03-31,51.7223
2006-04-03,53.2607
2006-04-04,53.6043
2006-04-05,54.034
2006-04-06,53.1333
2006-04-07,51.6262
2006-04-10,51.8056
2006-04-11,51.0358
2006-04-12,51.3574
2006-04-13,50.7281
2006-04-17,49.634
2006-04-18,51.3954
2006-04-19,50.4974
2006-04-20,50.4974
2006-04-21,51.056
2006-04-24,50.8614
2006-04-25,50.8614
2006-04-26,50.8114
2006-04-27,51.5389
2006-04-28,39.317
2006-05-01,39.9708
2006-05-02,39.1137
2006-05-03,36.712
2006-05-04,37.9573
2006-05-05,39.5695
2006-05-08,39.3672
2006-05-09,39.0482
2006-05-10,39.7256
2006-05-11,38.145
2006-05-12,38.0052
2006-05-15,37.9486
2006-05-16,37.5507
2006-05-17,36.7666
2006-05-18,37.2425
2006-05-19,36.4884
2006-05-22,38.0015
2006-05-23,37.7443
2006-05-24,40.9505
2006-05-25,41.9777
2006-05-26,41.9159
2006-05-30,40.2007
2006-05-31,38.785
2006-06-01,39.5215
2006-06-02,39.3515
2006-06-05,38.6199
2006-06-06,37.6079
2006-06-07,37.3657
2006-06-08,37.6831
2006-06-09,37.4625
2006-06-12,36.5909
2006-06-13,36.0577
2006-06-14,37.7639
2006-06-15,38.6192
2006-06-16,38.7544
2006-06-19,40.7446
2006-06-20,40.7881
2006-06-21,43.0001
2006-06-22,42.3809
2006-06-23,41.2335
2006-06-26,42.5651
2006-06-27,42.73
2006-06-28,43.9577
2006-06-29,45.1931
2006-06-30,44.644
2006-07-03,46.2062
2006-07-05,45.0743
2006-07-06,45.5779
2006-07-07,44.997
2006-07-10,45.7778
2006-07-11,44.4931
2006-07-12,43.0792
2006-07-13,41.9591
2006-07-14,42.08
2006-07-17,42.8468
2006-07-18,43.8808
2006-07-19,46.3848
2006-07-20,44.6948
2006-07-21,48.2507
2006-07-24,48.6784
2006-07-25,49.3982
2006-07-26,49.8855
2006-07-27,48.3084
2006-07-28,49.5413
2006-07-31,48.9477
2006-08-01,48.7289
2006-08-02,49.7405
2006-08-03,49.4525
2006-08-04,49.7157
2006-08-07,49.4864
2006-08-08,49.8894
2006-08-09,50.2259
2006-08-10,50.2938
2006-08-11,50.1893
2006-08-14,50.5375
2006-08-15,50.8519
2006-08-16,51.1326
2006-08-17,51.1326
2006-08-18,54.7733
2006-08-21,55.7875
2006-08-22,53.9244
2006-08-23,54.0803
2006-08-24,54.3005
2006-08-25,54.6481
2006-08-28,54.9648
2006-08-29,54.5388
2006-08-30,54.3829
2006-08-31,53.9906
2006-09-01,54.4584
2006-09-05,53.5489
2006-09-06,53.5489
2006-09-07,52.8347
2006-09-08,53.4312
2006-09-11,54.4984
2006-09-12,54.5667
2006-09-13,54.7394
2006-09-14,55.9322
2006-09-15,57.6196
2006-09-18,57.3619
2006-09-19,57.5869
2006-09-20,58.6029
2006-09-21,57.3799
2006-09-22,56.3547
2006-09-25,57.2923
2006-09-26,58.0818
2006-09-27,58.8249
2006-09-28,58.6487
2006-09-29,58.4262
2006-10-02,58.4582
2006-10-03,58.4908
2006-10-04,60.2939
2006-10-05,60.2006
2006-10-06,59.9646
2006-10-09,59.2561
2006-10-10,59.1141
2006-10-11,58.4021
2006-10-12,60.5902
2006-10-13,61.0498
2006-10-16,61.2947
2006-10-17,61.2457
2006-10-18,61.4958
2006-10-19,60.357
2006-10-20,60.8063
2006-10-23,60.8707
2006-10-24,60.0179
2006-10-25,60.1182
2006-10-26,60.2534
2006-10-27,60.2015
2006-10-30,60.8527
2006-10-31,61.4602
2006-11-01,61.7952
2006-11-02,61.5775
2006-11-03,61.3576
2006-11-06,61.7396
2006-11-07,62.1204
2006-11-08,62.2247
2006-11-09,63.1865
2006-11-10,63.0699
2006-11-13,63.4473
2006-11-14,62.7272
2006-11-15,62.0872
2006-11-16,63.315
2006-11-17,62.9007
2006-11-20,64.5519
2006-11-21,64.6499
2006-11-22,64.6499
2006-11-24,63.6792
2006-11-27,62.0221
2006-11-28,61.4989
2006-11-29,62.1483
2006-11-30,60.929
2006-12-01,59.5708
2006-12-04,60.3572
2006-12-05,59.2411
2006-12-06,58.4715
2006-12-07,57.7091
2006-12-08,59.8031
2006-12-11,60.3118
2006-12-12,59.7081
2006-12-13,60.1506
2006-12-14,61.9904
2006-12-15,62.3978
2006-12-18,60.7425
2006-12-19,61.0924
2006-12-20,61.4419
2006-12-21,60.8307
2006-12-22,58.9862
2006-12-26,60.248
2006-12-27,60.3543
2006-12-28,60.1363
2006-12-29,59.4805
2007-01-03,59.4805
2007-01-04,59.2024
2007-01-05,58.2603
2007-01-08,59.3816
2007-01-09,59.4961
2007-01-10,57.8385
2007-01-11,61.6092
2007-01-12,63.2484
2007-01-16,62.9803
2007-01-17,62.6561
2007-01-18,62.1144
2007-01-19,62.4773
2007-01-22,60.3913
2007-01-23,60.4601
2007-01-24,61.6466
2007-01-25,58.3886
2007-01-26,58.9062
2007-01-29,58.5605
2007-01-30,58.3119
2007-01-31,59.6362
2007-02-01,58.153
2007-02-02,56.3939
2007-02-05,53.7996
2007-02-06,53.3691
2007-02-07,52.768
2007-02-08,52.2973
2007-02-09,51.117
2007-02-12,50.95
2007-02-13,51.2336
2007-02-14,52.7806
2007-02-15,53.0138
2007-02-16,50.0004
2007-02-20,50.3591
2007-02-21,52.3669
2007-02-22,52.5171
2007-02-23,50.5316
2007-02-26,51.1828
2007-02-27,46.764
2007-02-28,47.9074
2007-03-01,47.6299
2007-03-02,46.5004
2007-03-05,45.7972
2007-03-06,46.8861
2007-03-07,46.1456
2007-03-08,45.1889
2007-03-09,45.0578
2007-03-12,45.6984
2007-03-13,43.3837
2007-03-14,46.0102
2007-03-15,45.6303
2007-03-16,45.8198
2007-03-19,47.675
2007-03-20,47.7114
2007-03-21,50.1122
2007-03-22,49.2665
2007-03-23,48.4352
2007-03-26,49.1335
2007-03-27,47.4982
2007-03-28,47.2424
2007-03-29,47.6367
2007-03-30,48.0674
2007-04-02,47.6358
2007-04-03,48.1096
2007-04-04,50.3251
2007-04-05,50.4957
2007-04-09,50.5647
2007-04-10,49.9623
2007-04-11,48.9505
2007-04-12,50.4631
2007-04-13,50.7049
2007-04-16,51.1209
2007-04-17,51.5368
2007-04-18,50.6242
2007-04-19,50.9422
2007-04-20,52.0928
2007-04-23,51.2046
2007-04-24,51.2398
2007-04-25,51.9454
2007-04-26,52.3313
2007-04-27,55.6863
2007-04-30,54.9917
2007-05-01,55.7786
2007-05-02,57.0415
2007-05-03,58.091
2007-05-04,56.4925
2007-05-07,56.9334
2007-05-08,57.0514
2007-05-09,57.1407
2007-05-10,56.3443
2007-05-11,57.2833
2007-05-14,57.523
2007-05-15,57.2372
2007-05-16,57.7557
2007-05-17,57.3811
2007-05-18,56.7572
2007-05-21,57.4473
2007-05-22,55.9611
2007-05-23,55.5148
2007-05-24,53.886
2007-05-25,54.9034
2007-05-29,55.893
2007-05-30,56.8862
2007-05-31,55.2267
2007-06-01,54.8389
2007-06-04,55.2381
2007-06-05,54.707
2007-06-06,53.5816
2007-06-07,51.1113
2007-06-08,52.5394
2007-06-11,52.4308
2007-06-12,51.8132
2007-06-13,53.5794
2007-06-14,53.9923
2007-06-15,53.8798
2007-06-18,53.9448
2007-06-19,53.7521
2007-06-20,52.0504
2007-06-21,52.7601
2007-06-22,50.1366
2007-06-25,50.1366
2007-06-26,50.2417
2007-06-27,51.4564
2007-06-28,51.3108
2007-06-29,50.0157
2007-07-02,50.9598
2007-07-03,51.9175
2007-07-05,51.8073
2007-07-06,51.7328
2007-07-09,51.3574
2007-07-10,49.3893
2007-07-11,49.967
2007-07-12,51.9875
2007-07-13,51.0832
2007-07-16,51.7994
2007-07-17,54.2327
2007-07-18,54.6675
2007-07-19,56.4397
2007-07-20,55.1393
2007-07-23,55.2292
2007-07-24,53.8034
2007-07-25,53.4794
2007-07-26,50.9487
2007-07-27,49.0416
2007-07-30,49.0742
2007-07-31,47.7892
2007-08-01,48.8196
2007-08-02,49.5384
2007-08-03,47.801
2007-08-06,49.6605
2007-08-07,49.692
2007-08-08,51.0894
2007-08-09,48.9389
2007-08-10,47.2347
2007-08-13,47.009
2007-08-14,46.0029
2007-08-15,45.5349
2007-08-16,44.7452
2007-08-17,46.1852
2007-08-20,46.2176
2007-08-21,45.6862
2007-08-22,46.183
2007-08-23,46.4487
2007-08-24,48.1093
2007-08-27,47.1758
2007-08-28,45.6012
2007-08-29,47.6937
2007-08-30,47.3012
2007-08-31,48.1687
2007-09-04,48.4155
2007-09-05,47.4676
2007-09-06,48.796
2007-09-07,47.4619
2007-09-10,47.5859
2007-09-11,48.9643
2007-09-12,48.9643
2007-09-13,49.664
2007-09-14,49.3054
2007-09-17,48.3728
2007-09-18,49.0111
2007-09-19,48.2418
2007-09-20,47.5129
2007-09-21,48.2442
2007-09-24,49.5813
2007-09-25,51.0171
2007-09-26,50.8334
2007-09-27,50.8023
2007-09-28,50.7078
2007-10-01,51.6535
2007-10-02,51.4267
2007-10-03,50.6284
2007-10-04,51.4262
2007-10-05,51.8258
2007-10-08,51.8258
2007-10-09,52.6317
2007-10-10,53.0316
2007-10-11,51.9348
2007-10-12,52.7424
2007-10-15,52.2956
2007-10-16,53.1646
2007-10-17,55.4069
2007-10-18,55.6343
2007-10-19,52.2796
2007-10-22,53.2638
2007-10-23,54.3619
2007-10-24,55.3199
2007-10-25,57.2494
2007-10-26,63.7836
2007-10-29,62.3179
2007-10-30,64.1396
2007-10-31,66.2002
2007-11-01,66.5938
2007-11-02,66.5938
2007-11-05,65.5518
2007-11-06,64.5557
2007-11-07,61.8955
2007-11-08,59.7028
2007-11-09,57.0419
2007-11-12,56.1598
2007-11-13,58.1887
2007-11-14,56.8751
2007-11-15,56.4593
2007-11-16,57.0787
2007-11-19,56.7553
2007-11-20,57.912
2007-11-21,57.0362
2007-11-23,56.737
2007-11-26,54.0005
2007-11-27,54.1779
2007-11-28,55.4214
2007-11-29,55.1598
2007-11-30,55.1793
2007-12-03,53.5634
2007-12-04,53.2138
2007-12-05,55.9063
2007-12-06,56.6418
2007-12-07,56.5938
2007-12-10,57.0198
2007-12-11,55.4323
2007-12-12,56.1286
2007-12-13,57.4975
2007-12-14,57.6588
2007-12-17,55.4713
2007-12-18,56.1154
2007-12-19,56.2075
2007-12-20,57.5298
2007-12-21,58.4731
2007-12-24,59.3571
2007-12-26,59.4078
2007-12-27,57.8425
2007-12-28,58.1056
2007-12-31,56.8547
2008-01-02,55.9594
2008-01-03,56.236
2008-01-04,53.961
2008-01-07,54.3968
2008-01-08,51.8777
2008-01-09,53.7372
2008-01-10,53.5036
2008-01-11,52.6155
2008-01-14,53.5123
2008-01-15,52.6883
2008-01-16,51.1083
2008-01-17,50.8665
2008-01-18,50.6634
2008-01-22,48.6485
2008-01-23,48.5331
2008-01-24,51.1281
2008-01-25,50.5198
2008-01-28,50.0896
2008-01-29,49.8542
2008-01-30,49.0722
2008-01-31,49.8718
2008-02-01,45.9298
2008-02-04,45.488
2008-02-05,43.6474
2008-02-06,42.7828
2008-02-07,42.1652
2008-02-08,43.0844
2008-02-11,42.5375
2008-02-12,42.8117
2008-02-13,44.1053
2008-02-14,43.3652
2008-02-15,43.2369
2008-02-19,42.834
2008-02-20,42.9422
2008-02-21,42.7448
2008-02-22,42.057
2008-02-25,42.416
2008-02-26,43.615
2008-02-27,43.4107
2008-02-28,42.8495
2008-02-29,41.6384
2008-03-03,41.2971
2008-03-04,42.6632
2008-03-05,43.837
2008-03-06,42.9099
2008-03-07,43.572
2008-03-10,43.9685
2008-03-11,46.577
2008-03-12,45.4401
2008-03-13,45.4228
2008-03-14,44.2881
2008-03-17,45.0078
2008-03-18,47.2888
2008-03-19,45.9057
2008-03-20,47.009
2008-03-24,46.9916
2008-03-25,46.9386
2008-03-26,45.9199
2008-03-27,45.0457
2008-03-28,44.8075
2008-03-31,45.786
2008-04-01,48.0191
2008-04-02,47.4162
2008-04-03,47.133
2008-04-04,47.4522
2008-04-07,47.4522
2008-04-08,46.7049
2008-04-09,46.9947
2008-04-10,47.4515
2008-04-11,45.9329
2008-04-14,45.54
2008-04-15,45.946
2008-04-16,47.415
2008-04-17,47.9696
2008-04-18,49.5334
2008-04-21,50.3505
2008-04-22,50.0172
2008-04-23,52.2849
2008-04-24,52.9185
2008-04-25,49.1805
2008-04-28,47.7189
2008-04-29,47.1254
2008-04-30,46.922
2008-05-01,48.5777
2008-05-02,48.2991
2008-05-05,48.0191
2008-05-06,49.1802
2008-05-07,48.3128
2008-05-08,48.4261
2008-05-09,48.6549
2008-05-12,49.7878
2008-05-13,49.3999
2008-05-14,49.6847
2008-05-15,50.6638
2008-05-16,49.7921
2008-05-19,48.8083
2008-05-20,47.5466
2008-05-21,46.6531
2008-05-22,47.0893
2008-05-23,46.3534
2008-05-27,47.1335
2008-05-28,46.6734
2008-05-29,46.9368
2008-05-30,46.9573
2008-06-02,46.0173
2008-06-03,45.1513
2008-06-04,45.6396
2008-06-05,47.2189
2008-06-06,45.7775
2008-06-09,46.2308
2008-06-10,46.6023
2008-06-11,45.2425
2008-06-12,47.5081
2008-06-13,49.0954
2008-06-16,48.8421
2008-06-17,48.6052
2008-06-18,47.9863
2008-06-19,48.901
2008-06-20,47.6323
2008-06-23,47.1701
2008-06-24,46.7442
2008-06-25,47.978
2008-06-26,46.9085
2008-06-27,46.6968
2008-06-30,46.4834
2008-07-01,45.3594
2008-07-02,43.6972
2008-07-03,43.9083
2008-07-07,44.0151
2008-07-08,43.7105
2008-07-09,42.6761
2008-07-10,43.1615
2008-07-11,42.8263
2008-07-14,42.6578
2008-07-15,44.8635
2008-07-16,47.158
2008-07-17,47.6766
2008-07-18,44.8203
2008-07-21,44.4613
2008-07-22,44.7883
2008-07-23,46.0603
2008-07-24,44.4247
2008-07-25,45.847
2008-07-28,44.7787
2008-07-29,45.9622
2008-07-30,46.1929
2008-07-31,45.356
2008-08-01,44.9018
2008-08-04,44.642
2008-08-05,46.4726
2008-08-06,47.9957
2008-08-07,48.6741
2008-08-08,50.0008
2008-08-11,49.5956
2008-08-12,49.9898
2008-08-13,49.6131
2008-08-14,49.6131
2008-08-15,49.4297
2008-08-18,49.2077
2008-08-19,48.5243
2008-08-20,48.4688
2008-08-21,48.263
2008-08-22,49.5698
2008-08-25,49.225
2008-08-26,48.4818
2008-08-27,49.0633
2008-08-28,49.8181
2008-08-29,48.5662
2008-09-02,48.2061
2008-09-03,47.8265
2008-09-04,46.796
2008-09-05,45.5263
2008-09-08,46.5172
2008-09-09,46.4806
2008-09-10,47.1985
2008-09-11,49.0388
2008-09-12,49.5946
2008-09-15,48.0712
2008-09-16,46.5622
2008-09-17,44.1509
2008-09-18,45.5445
2008-09-19,45.3776
2008-09-22,45.8617
2008-09-23,45.9429
2008-09-24,46.5141
2008-09-25,48.2804
2008-09-26,49.7776
2008-09-29,45.7069
2008-09-30,48.7055
2008-10-01,48.3659
2008-10-02,47.9932
2008-10-03,48.117
2008-10-06,45.881
2008-10-07,43.4352
2008-10-08,43.1291
2008-10-09,42.1539
2008-10-10,41.0893
2008-10-13,47.7933
2008-10-14,45.9328
2008-10-15,44.1356
2008-10-16,46.4016
2008-10-17,46.0786
2008-10-20,47.2139
2008-10-21,45.5354
2008-10-22,43.4229
2008-10-23,44.5522
2008-10-24,44.1439
2008-10-27,43.2701
2008-10-28,45.9484
2008-10-29,45.8338
2008-10-30,45.4076
2008-10-31,45.0621
2008-11-03,45.47
2008-11-04,46.732
2008-11-05,45.0428
2008-11-06,43.713
2008-11-07,44.5728
2008-11-10,44.3506
2008-11-11,44.2384
2008-11-12,43.2377
2008-11-13,44.5833
2008-11-14,43.2764
2008-11-17,42.4887
2008-11-18,42.9171
2008-11-19,41.5228
2008-11-20,40.7534
2008-11-21,43.7518
2008-11-24,45.0796
2008-11-25,44.3419
2008-11-26,44.9958
2008-11-28,44.7073
2008-12-01,43.0345
2008-12-02,43.7524
2008-12-03,44.6973
2008-12-04,43.9055
2008-12-05,44.8982
2008-12-08,46.3465
2008-12-09,45.9052
2008-12-10,45.918
2008-12-11,44.6736
2008-12-12,44.5783
2008-12-15,44.237
2008-12-16,45.6519
2008-12-17,45.1618
2008-12-18,44.7708
2008-12-19,44.5746
2008-12-22,44.6568
2008-12-23,44.7956
2008-12-24,44.6703
2008-12-26,44.6241
2008-12-29,44.4256
2008-12-30,44.9818
2008-12-31,45.1288
2009-01-02,46.4242
2009-01-05,46.6974
2009-01-06,47.0442
2009-01-07,45.4768
2009-01-08,46.3637
2009-01-09,45.6214
2009-01-12,45.5595
2009-01-13,46.0796
2009-01-14,45.1645
2009-01-15,45.3911
2009-01-16,46.1009
2009-01-20,44.5594
2009-01-21,45.9054
2009-01-22,43.2144
2009-01-23,43.3483
2009-01-26,43.99
2009-01-27,44.035
2009-01-28,44.6079
2009-01-29,44.0647
2009-01-30,43.4783
2009-02-02,44.5953
2009-02-03,45.5987
2009-02-04,45.7924
2009-02-05,46.4046
2009-02-06,47.3194
2009-02-09,47.0297
2009-02-10,46.1931
2009-02-11,46.8095
2009-02-12,46.885
2009-02-13,46.6561
2009-02-17,45.3324
2009-02-18,45.3797
2009-02-19,45.102
2009-02-20,45.248
2009-02-23,44.1986
2009-02-24,44.1459
2009-02-25,43.8666
2009-02-26,43.1525
2009-02-27,42.7983
2009-03-02,42.3271
2009-03-03,42.4881
2009-03-04,42.9201
2009-03-05,41.7895
2009-03-06,41.8078
2009-03-09,41.6344
2009-03-10,44.049
2009-03-11,45.1423
2009-03-12,45.0003
2009-03-13,44.4882
2009-03-16,43.9235
2009-03-17,45.0757
2009-03-18,45.1815
2009-03-19,45.5016
2009-03-20,45.3818
2009-03-23,47.6082
2009-03-24,46.9039
2009-03-25,46.9213
2009-03-26,48.5464
2009-03-27,47.4576
2009-03-30,46.4734
2009-03-31,47.9757
2009-04-01,49.4982
2009-04-02,49.4669
2009-04-03,48.6221
2009-04-06,48.6386
2009-04-07,48.6386
2009-04-08,49.3626
2009-04-09,50.1602
2009-04-13,50.0266
2009-04-14,49.6235
2009-04-15,48.7579
2009-04-16,50.3336
2009-04-17,49.4034
2009-04-20,48.444
2009-04-21,49.0578
2009-04-22,48.7464
2009-04-23,48.9891
2009-04-24,52.2571
2009-04-27,51.3989
2009-04-28,50.6198
2009-04-29,51.1326
2009-04-30,51.1488
2009-05-01,51.1145
2009-05-04,51.0275
2009-05-05,50.3305
2009-05-06,50.3305
2009-05-07,49.5087
2009-05-08,49.6865
2009-05-11,49.5092
2009-05-12,50.5321
2009-05-13,50.2777
2009-05-14,50.8351
2009-05-15,51.1227
2009-05-18,51.8036
2009-05-19,51.2495
2009-05-20,51.3771
2009-05-21,50.3054
2009-05-22,50.1724
2009-05-26,51.2769
2009-05-27,50.8687
2009-05-28,51.4673
2009-05-29,52.2804
2009-06-01,53.2044
2009-06-02,53.2044
2009-06-03,53.803
2009-06-04,53.9844
2009-06-05,54.5471
2009-06-08,54.3508
2009-06-09,54.4064
2009-06-10,55.2743
2009-06-11,55.7841
2009-06-12,56.6809
2009-06-15,56.8412
2009-06-16,56.8952
2009-06-17,57.312
2009-06-18,56.8743
2009-06-19,57.9095
2009-06-22,56.0145
2009-06-23,56.1253
2009-06-24,56.3677
2009-06-25,56.9629
2009-06-26,55.8968
2009-06-29,56.8487
2009-06-30,56.6294
2009-07-01,57.134
2009-07-02,55.5042
2009-07-06,55.0987
2009-07-07,53.531
2009-07-08,53.5912
2009-07-09,53.3106
2009-07-10,53.1926
2009-07-13,54.8983
2009-07-14,54.6092
2009-07-15,56.5669
2009-07-16,57.1622
2009-07-17,56.7911
2009-07-20,57.2427
2009-07-21,57.8034
2009-07-22,57.7264
2009-07-23,59.1285
2009-07-24,54.0655
2009-07-27,53.3173
2009-07-28,54.0027
2009-07-29,54.6237
2009-07-30,54.6426
2009-07-31,53.9805
2009-08-03,54.5788
2009-08-04,54.4395
2009-08-05,54.5182
2009-08-06,53.6929
2009-08-07,53.8956
2009-08-10,53.5617
2009-08-11,52.8716
2009-08-12,53.7082
2009-08-13,53.8955
2009-08-14,54.0467
2009-08-17,52.9621
2009-08-18,53.6681
2009-08-19,53.8176
2009-08-20,53.8608
2009-08-21,55.4318
2009-08-24,55.9064
2009-08-25,55.9064
2009-08-26,55.6665
2009-08-27,55.9654
2009-08-28,55.938
2009-08-31,55.8546
2009-09-01,54.078
2009-09-02,53.7038
2009-09-03,54.2783
2009-09-04,55.4257
2009-09-08,55.8674
2009-09-09,55.755
2009-09-10,56.2473
2009-09-11,55.8452
2009-09-14,56.1639
2009-09-15,56.6187
2009-09-16,56.6187
2009-09-17,56.8502
2009-09-18,56.727
2009-09-21,56.8222
2009-09-22,57.9271
2009-09-23,57.7353
2009-09-24,58.2739
2009-09-25,57.0209
2009-09-28,57.6852
2009-09-29,57.4273
2009-09-30,57.3295
2009-10-01,54.6793
2009-10-02,54.8813
2009-10-05,53.9039
2009-10-06,55.0983
2009-10-07,55.0674
2009-10-08,56.4809
2009-10-09,56.1031
2009-10-12,56.5221
2009-10-13,56.7444
2009-10-14,57.1161
2009-10-15,58.9111
2009-10-16,58.2172
2009-10-19,57.756
2009-10-20,57.7803
2009-10-21,58.2926
2009-10-22,58.3171
2009-10-23,61.5967
2009-10-26,62.9644
2009-10-27,62.6549
2009-10-28,60.7326
2009-10-29,61.1578
2009-10-30,59.5511
2009-11-02,59.8792
2009-11-03,58.7483
2009-11-04,59.9142
2009-11-05,60.7861
2009-11-06,60.8915
2009-11-09,61.8721
2009-11-10,61.9134
2009-11-11,62.1429
2009-11-12,62.6423
2009-11-13,63.1978
2009-11-16,62.8808
2009-11-17,63.8238
2009-11-18,64.046
2009-11-19,62.8683
2009-11-20,62.3034
2009-11-23,62.9799
2009-11-24,62.8724
2009-11-25,62.4385
2009-11-27,60.4245
2009-11-30,60.8525
2009-12-01,62.1667
2009-12-02,61.3637
2009-12-03,61.4737
2009-12-04,61.8055
2009-12-07,61.1273
2009-12-08,60.3476
2009-12-09,60.6723
2009-12-10,61.043
2009-12-11,60.9699
2009-12-14,61.5778
2009-12-15,61.242
2009-12-16,61.4321
2009-12-17,59.5749
2009-12-18,61.3797
2009-12-21,61.7454
2009-12-22,62.4237
2009-12-23,62.6483
2009-12-24,62.829
2009-12-28,63.2135
2009-12-29,63.7077
2009-12-30,62.0509
2009-12-31,60.2715
2010-01-04,61.3744
2010-01-05,61.3976
2010-01-06,60.6936
2010-01-07,59.5317
2010-01-08,60.0406
2010-01-11,58.6348
2010-01-12,57.9275
2010-01-13,58.6379
2010-01-14,60.1293
2010-01-15,59.77
2010-01-19,60.3483
2010-01-20,58.5128
2010-01-21,56.5596
2010-01-22,53.2582
2010-01-25,54.1905
2010-01-26,54.6504
2010-01-27,55.0836
2010-01-28,53.5239
2010-01-29,50.7177
2010-02-01,51.3268
2010-02-02,51.4594
2010-02-03,51.9125
2010-02-04,49.7195
2010-02-05,50.2069
2010-02-08,49.3953
2010-02-09,50.1869
2010-02-10,50.1319
2010-02-11,50.4905
2010-02-12,49.9565
2010-02-16,51.1186
2010-02-17,51.7695
2010-02-18,52.7792
2010-02-19,52.1957
2010-02-22,52.078
2010-02-23,50.9107
2010-02-24,51.7358
2010-02-25,51.6475
2010-02-26,51.8425
2010-03-01,52.8102
2010-03-02,51.1382
2010-03-03,51.1382
2010-03-04,51.6191
2010-03-05,51.4903
2010-03-08,51.6131
2010-03-09,52.1064
2010-03-10,52.5978
2010-03-11,53.201
2010-03-12,53.4591
2010-03-15,53.517
2010-03-16,53.7512
2010-03-17,54.5088
2010-03-18,54.439
2010-03-19,54.3683
2010-03-22,54.3984
2010-03-23,55.2401
2010-03-24,54.4013
2010-03-25,55.4775
2010-03-26,54.2125
2010-03-29,53.9622
2010-03-30,54.5113
2010-03-31,52.7948
2010-04-01,52.3517
2010-04-05,52.7
2010-04-06,52.8592
2010-04-07,52.9559
2010-04-08,54.7485
2010-04-09,56.0047
2010-04-12,55.9295
2010-04-13,56.3171
2010-04-14,57.4017
2010-04-15,57.5465
2010-04-16,56.7614
2010-04-19,57.8406
2010-04-20,58.7514
2010-04-21,58.639
2010-04-22,58.805
2010-04-23,57.0781
2010-04-26,57.5206
2010-04-27,56.4745
2010-04-28,56.671
2010-04-29,56.9539
2010-04-30,55.1127
2010-05-03,56.1146
2010-05-04,53.3923
2010-05-05,52.4007
2010-05-06,49.4962
2010-05-07,47.1441
2010-05-10,49.4596
2010-05-11,49.2792
2010-05-12,50.9767
2010-05-13,50.3645
2010-05-14,49.4288
2010-05-17,49.4596
2010-05-18,48.4321
2010-05-19,47.3871
2010-05-20,44.3137
2010-05-21,43.6262
2010-05-24,42.2199
2010-05-25,41.7398
2010-05-26,39.3292
2010-05-27,42.4841
2010-05-28,42.035
2010-06-01,42.3141
2010-06-02,44.0488
2010-06-03,45.2243
2010-06-04,42.7793
2010-06-07,41.7078
2010-06-08,41.3288
2010-06-09,40.6608
2010-06-10,41.294
2010-06-11,43.2303
2010-06-14,42.8708
2010-06-15,45.8869
2010-06-16,45.2998
2010-06-17,45.435
2010-06-18,45.6264
2010-06-21,44.515
2010-06-22,44.1136
2010-06-23,43.0992
2010-06-24,42.4376
2010-06-25,41.4552
2010-06-28,40.9959
2010-06-29,39.02
2010-06-30,38.4546
2010-07-01,38.9048
2010-07-02,39.2362
2010-07-06,40.8675
2010-07-07,42.2436
2010-07-08,42.5537
2010-07-09,42.2597
2010-07-12,43.8436
2010-07-13,44.6705
2010-07-14,45.5136
2010-07-15,45.7035
2010-07-16,44.3119
2010-07-19,45.2417
2010-07-20,45.917
2010-07-21,45.1025
2010-07-22,47.0142
2010-07-23,46.9449
2010-07-26,47.7024
2010-07-27,47.859
2010-07-28,47.3542
2010-07-29,47.5684
2010-07-30,47.0332
2010-08-02,48.4281
2010-08-03,48.0078
2010-08-04,46.9593
2010-08-05,46.1021
2010-08-06,46.5978
2010-08-09,46.7637
2010-08-10,45.4703
2010-08-11,44.9784
2010-08-12,44.123
2010-08-13,43.9164
2010-08-16,44.2115
2010-08-17,44.8316
2010-08-18,45.1563
2010-08-19,44.2415
2010-08-20,43.7435
2010-08-23,43.8964
2010-08-24,43.3216
2010-08-25,43.5097
2010-08-26,42.8351
2010-08-27,43.187
2010-08-30,42.4858
2010-08-31,42.0667
2010-09-01,43.4763
2010-09-02,43.6046
2010-09-03,44.7212
2010-09-07,43.888
2010-09-08,43.8125
2010-09-09,44.0733
2010-09-10,43.6612
2010-09-13,47.5866
2010-09-14,47.3734
2010-09-15,47.6269
2010-09-16,48.2677
2010-09-17,47.9624
2010-09-20,48.5938
2010-09-21,47.8073
2010-09-22,46.3364
2010-09-23,45.8581
2010-09-24,46.9259
2010-09-27,46.8102
2010-09-28,46.6589
2010-09-29,46.169
2010-09-30,46.1412
2010-10-01,45.833
2010-10-04,44.5402
2010-10-05,45.9906
2010-10-06,46.2505
2010-10-07,46.5773
2010-10-08,46.7091
2010-10-11,46.7759
2010-10-12,47.5774
2010-10-13,49.2297
2010-10-14,48.8917
2010-10-15,49.8779
2010-10-18,50.7509
2010-10-19,48.5401
2010-10-20,49.1966
2010-10-21,49.5394
2010-10-22,49.4084
2010-10-25,48.829
2010-10-26,51.0399
2010-10-27,51.4902
2010-10-28,52.1761
2010-10-29,53.3001
2010-11-01,54.112
2010-11-02,55.3313
2010-11-03,54.1345
2010-11-04,54.4407
2010-11-05,53.4834
2010-11-08,53.3518
2010-11-09,53.7568
2010-11-10,53.7229
2010-11-11,52.8423
2010-11-12,51.4889
2010-11-15,51.261
2010-11-16,50.0066
2010-11-17,49.2524
2010-11-18,50.1054
2010-11-19,49.6376
2010-11-22,49.7669
2010-11-23,47.8605
2010-11-24,48.6799
2010-11-26,48.3093
2010-11-29,48.5086
2010-11-30,48.3427
2010-12-01,50.8881
2010-12-02,53.4233
2010-12-03,53.7943
2010-12-06,53.1977
2010-12-07,53.2855
2010-12-08,54.3312
2010-12-09,53.8207
2010-12-10,54.5731
2010-12-13,54.2447
2010-12-14,55.3239
2010-12-15,55.9716
2010-12-16,56.3563
2010-12-17,56.0484
2010-12-20,55.7116
2010-12-21,56.4595
2010-12-22,56.7948
2010-12-23,57.1164
2010-12-27,56.246
2010-12-28,56.0196
2010-12-29,55.8671
2010-12-30,55.4069
2010-12-31,55.5929
2011-01-03,55.8115
2011-01-04,56.1488
2011-01-05,55.7963
2011-01-06,58.2914
2011-01-07,57.4073
2011-01-10,55.9176
2011-01-11,55.4936
2011-01-12,56.8251
2011-01-13,55.445
2011-01-14,55.7787
2011-01-18,56.8543
2011-01-19,56.1217
2011-01-20,55.6705
2011-01-21,54.4117
2011-01-24,55.5191
2011-01-25,55.7318
2011-01-26,56.7236
2011-01-27,56.9909
2011-01-28,52.863
2011-01-31,52.7726
2011-02-01,53.6021
2011-02-02,53.4148
2011-02-03,52.3869
2011-02-04,52.7694
2011-02-07,54.105
2011-02-08,54.366
2011-02-09,53.2344
2011-02-10,51.5919
2011-02-11,50.745
2011-02-14,50.6773
2011-02-15,49.7661
2011-02-16,49.9694
2011-02-17,50.613
2011-02-18,50.0956
2011-02-22,48.5151
2011-02-23,48.5151
2011-02-24,49.1505
2011-02-25,48.408
2011-02-28,48.5158
2011-03-01,47.1135
2011-03-02,46.843
2011-03-03,47.2998
2011-03-04,46.4791
2011-03-07,45.7212
2011-03-08,46.4469
2011-03-09,46.3805
2011-03-10,44.8172
2011-03-11,45.8611
2011-03-14,45.8996
2011-03-15,44.9238
2011-03-16,43.0618
2011-03-17,43.0316
2011-03-18,43.1128
2011-03-21,45.2177
2011-03-22,45.1057
2011-03-23,46.0575
2011-03-24,47.0858
2011-03-25,46.4521
2011-03-28,45.7599
2011-03-29,46.0712
2011-03-30,46.5393
2011-03-31,45.7982
2011-04-01,46.1549
2011-04-04,46.4338
2011-04-05,47.3449
2011-04-06,48.7705
2011-04-07,48.9604
2011-04-08,48.4852
2011-04-11,48.1561
2011-04-12,46.9324
2011-04-13,46.8967
2011-04-14,46.1482
2011-04-15,45.9705
2011-04-18,44.9498
2011-04-19,45.2483
2011-04-20,47.7578
2011-04-21,46.8978
2011-04-25,47.26
2011-04-26,49.5167
2011-04-27,50.2263
2011-04-28,51.4319
2011-04-29,48.5678
2011-05-02,47.6792
2011-05-03,48.2349
2011-05-04,49.1502
2011-05-05,48.2138
2011-05-06,48.5094
2011-05-09,48.369
2011-05-10,47.8063
2011-05-11,46.7349
2011-05-12,46.5979
2011-05-13,45.6118
2011-05-16,44.1063
2011-05-17,43.946
2011-05-18,44.6418
2011-05-19,44.7444
2011-05-20,43.9982
2011-05-23,42.9619
2011-05-24,42.8977
2011-05-25,43.0708
2011-05-26,45.1013
2011-05-27,45.4722
2011-05-31,46.4932
2011-06-01,44.5261
2011-06-02,43.8431
2011-06-03,42.8407
2011-06-06,43.2803
2011-06-07,43.4907
2011-06-08,43.1004
2011-06-09,43.1868
2011-06-10,42.3527
2011-06-13,43.8028
2011-06-14,44.5647
2011-06-15,42.9843
2011-06-16,44.0561
2011-06-17,45.146
2011-06-20,45.9939
2011-06-21,47.1413
2011-06-22,46.7581
2011-06-23,46.6879
2011-06-24,45.5411
2011-06-27,49.0145
2011-06-28,51.1278
2011-06-29,50.4894
2011-06-30,51.7821
2011-07-01,51.8494
2011-07-05,51.8835
2011-07-06,52.9024
2011-07-07,54.3443
2011-07-08,54.8238
2011-07-11,53.7147
2011-07-12,53.3739
2011-07-13,53.6728
2011-07-14,53.0578
2011-07-15,54.0941
2011-07-18,53.3599
2011-07-19,56.3711
2011-07-20,54.5611
2011-07-21,54.669
2011-07-22,55.9903
2011-07-25,57.101
2011-07-26,57.588
2011-07-27,54.7971
2011-07-28,55.9266
2011-07-29,54.7843
2011-08-01,54.3259
2011-08-02,52.7045
2011-08-03,53.0682
2011-08-04,49.8824
2011-08-05,49.0873
2011-08-08,45.6707
2011-08-09,48.981
2011-08-10,45.4481
2011-08-11,48.1752
2011-08-12,47.9536
2011-08-15,49.0397
2011-08-16,48.6369
2011-08-17,48.3717
2011-08-18,46.9464
2011-08-19,45.4771
2011-08-22,45.3142
2011-08-23,47.3413
2011-08-24,47.8198
2011-08-25,47.0232
2011-08-26,48.8101
2011-08-29,50.2896
2011-08-30,51.237
2011-08-31,52.1174
2011-09-01,51.1279
2011-09-02,50.1107
2011-09-06,49.4038
2011-09-07,50.6013
2011-09-08,51.1294
2011-09-09,49.9447
2011-09-12,50.3106
2011-09-13,50.6772
2011-09-14,51.7868
2011-09-15,52.9337
2011-09-16,53.2338
2011-09-19,53.4429
2011-09-20,52.8292
2011-09-21,50.3008
2011-09-22,48.1016
2011-09-23,48.1016
2011-09-26,49.043
2011-09-27,49.6057
2011-09-28,49.3767
2011-09-29,49.0735
2011-09-30,47.7381
2011-10-03,46.9037
2011-10-04,48.9456
2011-10-05,50.2663
2011-10-06,51.3142
2011-10-07,51.0952
2011-10-10,52.6698
2011-10-11,52.8042
2011-10-12,52.7028
2011-10-13,53.2056
2011-10-14,53.4116
2011-10-17,52.6519
2011-10-18,53.4187
2011-10-19,52.9431
2011-10-20,52.7045
2011-10-21,52.9917
2011-10-24,53.0642
2011-10-25,52.0309
2011-10-26,51.4412
2011-10-27,53.0642
2011-10-28,52.3365
2011-10-31,51.4071
2011-11-01,49.7637
2011-11-02,49.8147
2011-11-03,51.1262
2011-11-04,50.4049
2011-11-07,51.7643
2011-11-08,52.6286
2011-11-09,50.1898
2011-11-10,50.3846
2011-11-11,51.8917
2011-11-14,51.5128
2011-11-15,51.4619
2011-11-16,49.7845
2011-11-17,48.5125
2011-11-18,47.9483
2011-11-21,47.2498
2011-11-22,46.7648
2011-11-23,46.0327
2011-11-25,45.6466
2011-11-28,47.1578
2011-11-29,47.0878
2011-11-30,48.9892
2011-12-01,48.274
2011-12-02,48.1311
2011-12-05,49.351
2011-12-06,49.2528
2011-12-07,49.1038
2011-12-08,48.6054
2011-12-09,49.389
2011-12-12,48.9087
2011-12-13,49.565
2011-12-14,49.1286
2011-12-15,49.0511
2011-12-16,50.2225
2011-12-19,48.9987
2011-12-20,50.2959
2011-12-21,49.6089
2011-12-22,49.7407
2011-12-23,50.3217
2011-12-27,50.3482
2011-12-28,49.7537
2011-12-29,50.2963
2011-12-30,50.1311
2012-01-03,52.2695
2012-01-04,53.8568
2012-01-05,54.5347
2012-01-06,55.543
2012-01-09,54.4877
2012-01-10,54.7273
2012-01-11,54.3779
2012-01-12,55.0588
2012-01-13,55.6597
2012-01-17,55.6718
2012-01-18,55.5949
2012-01-19,55.2536
2012-01-20,58.9575
2012-01-23,59.0009
2012-01-24,57.7887
2012-01-25,58.2804
2012-01-26,58.0928
2012-01-27,57.2491
2012-01-30,58.1196
2012-01-31,57.8673
2012-02-01,58.6879
2012-02-02,58.8239
2012-02-03,59.4792
2012-02-06,59.3467
2012-02-07,59.6891
2012-02-08,60.3903
2012-02-09,60.6374
2012-02-10,59.6908
2012-02-13,59.8876
2012-02-14,58.7549
2012-02-15,58.0778
2012-02-16,60.9067
2012-02-17,60.7885
2012-02-21,61.2042
2012-02-22,60.6194
2012-02-23,60.8432
2012-02-24,61.0906
2012-02-27,60.6302
2012-02-28,61.8011
2012-02-29,61.3373
2012-03-01,62.5465
2012-03-02,61.7784
2012-03-05,60.8071
2012-03-06,59.953
2012-03-07,60.6075
2012-03-08,60.9942
2012-03-09,60.9227
2012-03-12,61.0389
2012-03-13,62.4689
2012-03-14,62.69
2012-03-15,62.8679
2012-03-16,61.9293
2012-03-19,60.4607
2012-03-20,59.7047
2012-03-21,59.4169
2012-03-22,59.6272
2012-03-23,59.6647
2012-03-26,61.0863
2012-03-27,60.8232
2012-03-28,59.5926
2012-03-29,59.3337
2012-03-30,59.6773
2012-04-02,59.767
2012-04-03,58.4457
2012-04-04,55.828
2012-04-05,56.6662
2012-04-09,55.2224
2012-04-10,53.1565
2012-04-11,52.7582
2012-04-12,54.5052
2012-04-13,53.9736
2012-04-16,54.6953
2012-04-17,55.669
2012-04-18,54.6866
2012-04-19,54.2646
2012-04-20,57.8519
2012-04-23,56.8865
2012-04-24,56.2501
2012-04-25,56.936
2012-04-26,56.6457
2012-04-27,56.2246
2012-04-30,56.3135
2012-05-01,56.2969
2012-05-02,55.5964
2012-05-03,55.4627
2012-05-04,52.9384
2012-05-07,51.9216
2012-05-08,51.4647
2012-05-09,52.2061
2012-05-10,52.1438
2012-05-11,53.3332
2012-05-14,51.8359
2012-05-15,50.4262
2012-05-16,49.5228
2012-05-17,49.0044
2012-05-18,47.734
2012-05-21,49.1636
2012-05-22,49.193
2012-05-23,47.3792
2012-05-24,47.2702
2012-05-25,47.2425
2012-05-29,48.7663
2012-05-30,48.1441
2012-05-31,47.7219
2012-06-01,45.7109
2012-06-04,46.0235
2012-06-05,45.9025
2012-06-06,48.4877
2012-06-07,48.1553
2012-06-08,49.39
2012-06-11,47.3295
2012-06-12,48.4732
2012-06-13,48.0435
2012-06-14,48.6511
2012-06-15,50.5553
2012-06-18,50.0556
2012-06-19,52.3442
2012-06-20,52.9308
2012-06-21,50.7355
2012-06-22,52.1692
2012-06-25,49.9831
2012-06-26,50.3756
2012-06-27,50.756
2012-06-28,50.0794
2012-06-29,51.7888
2012-07-02,51.7093
2012-07-03,52.2064
2012-07-05,52.043
2012-07-06,50.6588
2012-07-09,50.1713
2012-07-10,49.4907
2012-07-11,48.3615
2012-07-12,46.7112
2012-07-13,48.7294
2012-07-16,48.859
2012-07-17,49.4309
2012-07-18,51.415
2012-07-19,51.937
2012-07-20,50.525
2012-07-23,48.4897
2012-07-24,48.1824
2012-07-25,47.43
2012-07-26,48.277
2012-07-27,49.7614
2012-07-30,49.4823
2012-07-31,49.0685
2012-08-01,48.9217
2012-08-02,48.3819
2012-08-03,49.8153
2012-08-06,50.3164
2012-08-07,51.0863
2012-08-08,51.2597
2012-08-09,51.6828
2012-08-10,51.469
2012-08-13,51.3879
2012-08-14,50.6843
2012-08-15,50.8685
2012-08-16,52.3676
2012-08-17,52.6714
2012-08-20,52.2198
2012-08-21,52.3755
2012-08-22,51.6338
2012-08-23,50.8314
2012-08-24,51.6492
2012-08-27,51.9952
2012-08-28,51.8211
2012-08-29,51.8758
2012-08-30,50.9074
2012-08-31,52.28
2012-09-04,51.0179
2012-09-05,51.0318
2012-09-06,53.5755
2012-09-07,52.4299
2012-09-10,51.7743
2012-09-11,51.9603
2012-09-12,51.9312
2012-09-13,52.3516
2012-09-14,53.0918
2012-09-17,53.0918
2012-09-18,52.9834
2012-09-19,52.5998
2012-09-20,53.7028
2012-09-21,52.8853
2012-09-24,51.625
2012-09-25,50.4617
2012-09-26,49.8033
2012-09-27,49.7886
2012-09-28,48.6226
2012-10-01,47.8532
2012-10-02,48.3762
2012-10-03,48.9883
2012-10-04,49.5059
2012-10-05,48.9709
2012-10-08,48.7625
2012-10-09,47.3004
2012-10-10,46.4506
2012-10-11,46.3659
2012-10-12,47.1822
2012-10-15,48.1769
2012-10-16,48.1174
2012-10-17,48.4409
2012-10-18,48.1509
2012-10-19,45.649
2012-10-22,43.9122
2012-10-23,44.0711
2012-10-24,43.6825
2012-10-25,43.6235
2012-10-26,44.7674
2012-10-31,45.884
2012-11-01,48.983
2012-11-02,48.9386
2012-11-05,49.3389
2012-11-06,50.0425
2012-11-07,47.7552
2012-11-08,46.999
2012-11-09,47.0621
2012-11-12,45.3849
2012-11-13,42.5285
2012-11-14,41.9361
2012-11-15,41.5135
2012-11-16,41.1845
2012-11-19,41.8776
2012-11-20,41.8346
2012-11-21,42.645
2012-11-23,45.0768
2012-11-26,44.275
2012-11-27,43.5129
2012-11-28,44.4063
2012-11-29,43.3845
2012-11-30,42.5706
2012-12-03,42.1254
2012-12-04,41.9824
2012-12-05,42.9761
2012-12-06,43.1576
2012-12-07,42.4825
2012-12-10,44.0803
2012-12-11,45.2912
2012-12-12,45.0822
2012-12-13,44.741
2012-12-14,43.9602
2012-12-17,44.8894
2012-12-18,46.3649
2012-12-19,45.696
2012-12-20,46.8501
2012-12-21,46.229
2012-12-24,45.1958
2012-12-26,44.6751
2012-12-27,44.9973
2012-12-28,43.9305
2012-12-31,44.4522
2013-01-02,47.2946
2013-01-03,46.315
2013-01-04,45.0082
2013-01-07,44.8819
2013-01-08,44.5263
2013-01-09,45.0012
2013-01-10,44.3829
2013-01-11,45.5556
2013-01-14,45.7442
2013-01-15,46.745
2013-01-16,46.2838
2013-01-17,46.9414
2013-01-18,46.9414
2013-01-22,46.6601
2013-01-23,48.1148
2013-01-24,48.1773
2013-01-25,48.9588
2013-01-28,49.0556
2013-01-29,49.3677
2013-01-30,48.8756
2013-01-31,47.6676
2013-02-01,49.1998
2013-02-04,47.7485
2013-02-05,47.9238
2013-02-06,47.4673
2013-02-07,47.2988
2013-02-08,48.1752
2013-02-11,49.1732
2013-02-12,49.2373
2013-02-13,49.7212
2013-02-14,49.7537
2013-02-15,49.6558
2013-02-19,49.773
2013-02-20,49.1908
2013-02-21,47.9522
2013-02-22,48.8822
2013-02-25,47.6319
2013-02-26,47.6319
2013-02-27,49.1495
2013-02-28,49.1166
2013-03-01,49.6308
2013-03-04,50.3118
2013-03-05,50.9856
2013-03-06,50.0876
2013-03-07,50.2589
2013-03-08,49.7724
2013-03-11,49.3216
2013-03-12,49.4648
2013-03-13,49.483
2013-03-14,50.282
2013-03-15,49.917
2013-03-18,50.1562
2013-03-19,50.4523
2013-03-20,50.9523
2013-03-21,50.1704
2013-03-22,50.6959
2013-03-25,50.3488
2013-03-26,50.3293
2013-03-27,51.1552
2013-03-28,52.0415
2013-04-01,52.0604
2013-04-02,52.7766
2013-04-03,51.7828
2013-04-04,51.9171
2013-04-05,52.3222
2013-04-08,51.8567
2013-04-09,55.5827
2013-04-10,57.7661
2013-04-11,52.4978
2013-04-12,51.9781
2013-04-15,51.6196
2013-04-16,52.5513
2013-04-17,52.0237
2013-04-18,51.8958
2013-04-19,55.0277
2013-04-22,57.9809
2013-04-23,57.2423
2013-04-24,60.2307
2013-04-25,60.6646
2013-04-26,60.1089
2013-04-29,62.0419
2013-04-30,63.1277
2013-05-01,61.735
2013-05-02,62.7039
2013-05-03,63.4105
2013-05-06,63.9576
2013-05-07,62.353
2013-05-08,61.2171
2013-05-09,60.0694
2013-05-10,60.1385
2013-05-13,60.9179
2013-05-14,62.0281
2013-05-15,62.7069
2013-05-16,63.2058
2013-05-17,64.8153
2013-05-20,65.2264
2013-05-21,64.3884
2013-05-22,63.5222
2013-05-23,61.8993
2013-05-24,62.1537
2013-05-28,63.7087
2013-05-29,63.2163
2013-05-30,63.5235
2013-05-31,63.0594
2013-06-03,64.461
2013-06-04,62.3683
2013-06-05,61.6559
2013-06-06,62.0339
2013-06-07,63.4783
2013-06-10,62.7939
2013-06-11,60.6978
2013-06-12,61.0338
2013-06-13,60.1031
2013-06-14,59.0904
2013-06-17,60.3835
2013-06-18,60.3188
2013-06-19,59.0652
2013-06-20,55.7423
2013-06-21,55.0976
2013-06-24,56.1297
2013-06-25,55.9988
2013-06-26,57.5211
2013-06-27,58.1063
2013-06-28,57.8811
2013-07-01,57.3236
2013-07-02,56.0767
2013-07-03,56.238
2013-07-05,56.7002
2013-07-08,56.9659
2013-07-09,57.0242
2013-07-10,57.8376
2013-07-11,60.004
2013-07-12,59.9563
2013-07-15,61.0072
2013-07-16,61.2143
2013-07-17,59.5112
2013-07-18,58.5731
2013-07-19,48.1738
2013-07-22,49.5492
2013-07-23,49.1361
2013-07-24,49.4519
2013-07-25,48.2127
2013-07-26,48.7398
2013-07-29,48.5649
2013-07-30,49.2819
2013-07-31,49.2594
2013-08-01,48.8732
2013-08-02,49.3953
2013-08-05,48.9562
2013-08-06,48.6783
2013-08-07,49.8438
2013-08-08,51.7517
2013-08-09,51.2958
2013-08-12,51.6831
2013-08-13,50.1562
2013-08-14,50.4354
2013-08-15,49.1293
2013-08-16,49.1532
2013-08-19,48.2151
2013-08-20,48.7697
2013-08-21,48.7463
2013-08-22,50.6243
2013-08-23,55.6271
2013-08-26,54.2071
2013-08-27,52.1971
2013-08-28,51.6717
2013-08-29,52.7401
2013-08-30,52.4066
2013-09-03,49.2011
2013-09-04,47.8594
2013-09-05,47.9437
2013-09-06,47.7807
2013-09-09,48.8524
2013-09-10,50.3661
2013-09-11,51.0674
2013-09-12,50.9628
2013-09-13,51.6477
2013-09-16,51.1583
2013-09-17,51.422
2013-09-18,52.2153
2013-09-19,52.8576
2013-09-20,51.0076
2013-09-23,50.8988
2013-09-24,50.2891
2013-09-25,50.3951
2013-09-26,50.9588
2013-09-27,52.0054
2013-09-30,52.0262
2013-10-01,52.6529
2013-10-02,53.3552
2013-10-03,53.2135
2013-10-04,53.2556
2013-10-07,51.8799
2013-10-08,51.2073
2013-10-09,51.34
2013-10-10,52.8404
2013-10-11,53.6202
2013-10-14,54.2851
2013-10-15,54.3682
2013-10-16,54.6826
2013-10-17,55.2676
2013-10-18,55.3513
2013-10-21,55.415
2013-10-22,54.3383
2013-10-23,52.2727
2013-10-24,52.1743
2013-10-25,56.3708
2013-10-28,55.9732
2013-10-29,55.848
2013-10-30,55.8881
2013-10-31,55.5416
2013-11-01,55.7894
2013-11-04,56.6394
2013-11-05,58.0237
2013-11-06,60.822
2013-11-07,59.0542
2013-11-08,59.5465
2013-11-11,59.0565
2013-11-12,58.4642
2013-11-13,59.8786
2013-11-14,59.5311
2013-11-15,59.0629
2013-11-18,57.4272
2013-11-19,56.2895
2013-11-20,56.9309
2013-11-21,57.5273
2013-11-22,57.8428
2013-11-25,57.9735
2013-11-26,57.226
2013-11-27,57.7041
2013-11-29,58.6992
2013-12-02,59.2874
2013-12-03,58.9141
2013-12-04,60.0648
2013-12-05,57.6164
2013-12-06,58.2787
2013-12-09,58.9046
2013-12-10,57.3945
2013-12-11,56.164
2013-12-12,55.2249
2013-12-13,53.9775
2013-12-16,54.3632
2013-12-17,53.5096
2013-12-18,53.6313
2013-12-19,52.8573
2013-12-20,53.9829
2013-12-23,53.5573
2013-12-24,54.4898
2013-12-26,55.2056
2013-12-27,54.8401
2013-12-30,54.8401
2013-12-31,55.0861
2014-01-02,54.4576
2014-01-03,53.833
2014-01-06,51.9427
2014-01-07,52.5509
2014-01-08,51.0263
2014-01-09,50.499
2014-01-10,51.6261
2014-01-13,49.2557
2014-01-14,50.9831
2014-01-15,52.9771
2014-01-16,53.2338
2014-01-17,52.0993
2014-01-21,51.6385
2014-01-22,51.1131
2014-01-23,51.3751
2014-01-24,52.9152
2014-01-27,51.2107
2014-01-28,51.7007
2014-01-29,52.4891
2014-01-30,52.8902
2014-01-31,54.7918
2014-02-03,51.8387
2014-02-04,51.5685
2014-02-05,50.4778
2014-02-06,51.1909
2014-02-07,51.9339
2014-02-10,52.3993
2014-02-11,53.1206
2014-02-12,53.682
2014-02-13,53.9482
2014-02-14,53.9674
2014-02-18,53.5133
2014-02-19,53.6916
2014-02-20,54.1684
2014-02-21,54.6238
2014-02-24,53.9367
2014-02-25,53.5821
2014-02-26,53.4155
2014-02-27,54.2221
2014-02-28,55.1337
2014-03-03,53.8493
2014-03-04,55.1133
2014-03-05,54.3919
2014-03-06,54.4727
2014-03-07,53.8661
2014-03-10,53.6717
2014-03-11,54.0931
2014-03-12,54.6178
2014-03-13,53.6695
2014-03-14,53.1999
2014-03-17,53.9547
2014-03-18,56.9789
2014-03-19,56.2772
2014-03-20,58.2563
2014-03-21,57.8293
2014-03-24,58.4486
2014-03-25,58.0407
2014-03-26,56.6585
2014-03-27,55.6055
2014-03-28,57.3668
2014-03-31,58.5931
2014-04-01,59.3344
2014-04-02,59.1591
2014-04-03,58.308
2014-04-04,55.5815
2014-04-07,55.4197
2014-04-08,55.4574
2014-04-09,56.6679
2014-04-10,54.114
2014-04-11,53.7787
2014-04-14,53.7137
2014-04-15,54.8055
2014-04-16,56.009
2014-04-17,55.1135
2014-04-21,54.9532
2014-04-22,55.0482
2014-04-23,54.3487
2014-04-24,54.6806
2014-04-25,54.7789
2014-04-28,56.6166
2014-04-29,55.7525
2014-04-30,55.4894
2014-05-01,54.5375
2014-05-02,53.81
2014-05-05,53.2047
2014-05-06,52.3524
2014-05-07,53.106
2014-05-08,53.5461
2014-05-09,53.3095
2014-05-12,54.1948
2014-05-13,55.1008
2014-05-14,54.661
2014-05-15,53.1277
2014-05-16,53.6033
2014-05-19,53.4116
2014-05-20,53.2422
2014-05-21,54.6428
2014-05-22,54.0287
2014-05-23,54.0707
2014-05-27,54.2195
2014-05-28,53.7639
2014-05-29,54.4771
2014-05-30,55.7396
2014-06-02,55.3493
2014-06-03,54.0662
2014-06-04,54.1311
2014-06-05,56.0059
2014-06-06,56.5538
2014-06-09,56.0022
2014-06-10,55.5821
2014-06-11,54.9274
2014-06-12,54.2003
2014-06-13,55.5883
2014-06-16,56.1496
2014-06-17,56.5222
2014-06-18,56.4409
2014-06-19,56.0583
2014-06-20,56.4231
2014-06-23,57.0837
2014-06-24,56.3965
2014-06-25,57.0087
2014-06-26,56.1369
2014-06-27,57.273
2014-06-30,55.7492
2014-07-01,56.1162
2014-07-02,56.1814
2014-07-03,55.8998
2014-07-07,56.3228
2014-07-08,55.722
2014-07-09,55.4072
2014-07-10,55.4421
2014-07-11,56.3798
2014-07-14,56.4947
2014-07-15,57.2058
2014-07-16,60.645
2014-07-17,61.5134
2014-07-18,61.8181
2014-07-21,62.0946
2014-07-22,62.0788
2014-07-23,62.157
2014-07-24,60.6628
2014-07-25,60.8663
2014-07-28,59.2149
2014-07-29,58.954
2014-07-30,58.0167
2014-07-31,56.7635
2014-08-01,55.8836
2014-08-04,57.0351
2014-08-05,56.187
2014-08-06,55.2083
2014-08-07,56.3233
2014-08-08,56.2362
2014-08-11,56.2362
2014-08-12,56.9707
2014-08-13,58.2188
2014-08-14,58.6328
2014-08-15,59.743
2014-08-18,60.408
2014-08-19,60.86
2014-08-20,59.6635
2014-08-21,60.2284
2014-08-22,60.0069
2014-08-25,60.0496
2014-08-26,59.5163
2014-08-27,59.0798
2014-08-28,59.1024
2014-08-29,60.3277
2014-09-02,59.2124
2014-09-03,58.7899
2014-09-04,59.4687
2014-09-05,60.8883
2014-09-08,62.0528
2014-09-09,62.6386
2014-09-10,62.7997
2014-09-11,63.1231
2014-09-12,62.0769
2014-09-15,60.5542
2014-09-16,61.6476
2014-09-17,60.8559
2014-09-18,61.1937
2014-09-19,62.9033
2014-09-22,61.397
2014-09-23,59.8138
2014-09-24,60.8807
2014-09-25,57.7616
2014-09-26,58.5303
2014-09-29,58.5924
2014-09-30,58.3553
2014-10-01,57.0064
2014-10-02,56.6014
2014-10-03,57.3281
2014-10-06,57.3281
2014-10-07,55.6916
2014-10-08,58.388
2014-10-09,55.8179
2014-10-10,51.3222
2014-10-13,50.4592
2014-10-14,50.6369
2014-10-15,49.4861
2014-10-16,48.4327
2014-10-17,50.4228
2014-10-20,51.3874
2014-10-21,53.0394
2014-10-22,51.918
2014-10-23,53.2058
2014-10-24,55.3167
2014-10-27,54.8182
2014-10-28,55.8839
2014-10-29,56.1198
2014-10-30,54.8129
2014-10-31,56.4418
2014-11-03,57.2941
2014-11-04,57.5184
2014-11-05,58.0185
2014-11-06,59.4257
2014-11-07,59.3775
2014-11-10,59.7263
2014-11-11,59.6766
2014-11-12,59.4506
2014-11-13,60.8415
2014-11-14,60.7649
2014-11-17,60.4553
2014-11-18,58.632
2014-11-19,57.3615
2014-11-20,58.2115
2014-11-21,56.4935
2014-11-24,55.5897
2014-11-25,55.3128
2014-11-26,55.8348
2014-11-28,55.9469
2014-12-01,57.4308
2014-12-02,57.0448
2014-12-03,56.1336
2014-12-04,57.5139
2014-12-05,56.5145
2014-12-08,54.8417
2014-12-09,54.6036
2014-12-10,53.0643
2014-12-11,53.585
2014-12-12,53.0969
2014-12-15,52.4782
2014-12-16,49.3261
2014-12-17,50.4878
2014-12-18,53.7937
2014-12-19,54.0391
2014-12-22,54.5997
2014-12-23,55.4121
2014-12-24,54.7549
2014-12-26,54.2066
2014-12-29,53.3088
2014-12-30,52.4258
2014-12-31,51.2807
2015-01-02,51.8622
2015-01-05,50.9937
2015-01-06,49.6807
2015-01-07,50.7879
2015-01-08,53.2413
2015-01-09,52.4591
2015-01-12,51.3279
2015-01-13,50.8647
2015-01-14,50.1139
2015-01-15,49.2362
2015-01-16,50.6427
2015-01-20,50.9157
2015-01-21,50.034
2015-01-22,52.2012
2015-01-23,52.2881
2015-01-26,51.9612
2015-01-27,44.6913
2015-01-28,42.6411
2015-01-29,44.0959
2015-01-30,41.9704
2015-02-02,43.4846
2015-02-03,44.0248
2015-02-04,44.4299
2015-02-05,45.4502
2015-02-06,45.3947
2015-02-09,45.3242
2015-02-10,45.7354
2015-02-11,45.417
2015-02-12,46.6362
2015-02-13,47.9354
2015-02-17,47.4982
2015-02-18,47.4223
2015-02-19,47.3762
2015-02-20,47.9854
2015-02-23,48.4894
2015-02-24,48.3924
2015-02-25,48.2289
2015-02-26,48.3443
2015-02-27,48.0013
2015-03-02,48.0561
2015-03-03,47.0467
2015-03-04,46.6728
2015-03-05,46.7779
2015-03-06,45.533
2015-03-09,46.4794
2015-03-10,45.1445
2015-03-11,45.0642
2015-03-12,43.5525
2015-03-13,44.2655
2015-03-16,44.6212
2015-03-17,44.8894
2015-03-18,46.462
2015-03-19,46.1047
2015-03-20,47.2466
2015-03-23,47.2038
2015-03-24,47.2911
2015-03-25,44.8772
2015-03-26,44.4764
2015-03-27,44.092
2015-03-30,44.0758
2015-03-31,43.5809
2015-04-01,43.7179
2015-04-02,43.0153
2015-04-06,45.6096
2015-04-07,45.5843
2015-04-08,45.3971
2015-04-09,45.5212
2015-04-10,46.0204
2015-04-13,46.1041
2015-04-14,45.905
2015-04-15,47.1805
2015-04-16,47.0036
2015-04-17,45.9969
2015-04-20,48.6443
2015-04-21,48.142
2015-04-22,48.8385
2015-04-23,49.5375
2015-04-24,57.1377
2015-04-27,57.3683
2015-04-28,58.9478
2015-04-29,58.7608
2015-04-30,57.9347
2015-05-01,57.9562
2015-05-04,57.1358
2015-05-05,55.8949
2015-05-06,53.4597
2015-05-07,54.1067
2015-05-08,55.6733
2015-05-11,54.9826
2015-05-12,54.9461
2015-05-13,55.3603
2015-05-14,56.9627
2015-05-15,56.1669
2015-05-18,55.6369
2015-05-19,54.8427
2015-05-20,54.8427
2015-05-21,54.5432
2015-05-22,53.5759
2015-05-26,53.006
2015-05-27,54.6212
2015-05-28,54.3233
2015-05-29,53.2348
2015-06-01,53.8249
2015-06-02,53.2524
2015-06-03,53.1226
2015-06-04,52.2169
2015-06-05,51.8136
2015-06-08,51.066
2015-06-09,50.9202
2015-06-10,52.5725
2015-06-11,52.2557
2015-06-12,51.3851
2015-06-15,50.4843
2015-06-16,51.1094
2015-06-17,51.3557
2015-06-18,52.655
2015-06-19,51.4986
2015-06-22,51.7247
2015-06-23,51.1281
2015-06-24,50.6179
2015-06-25,50.6452
2015-06-26,49.915
2015-06-29,48.299
2015-06-30,47.9091
2015-07-01,48.4763
2015-07-02,48.3946
2015-07-06,48.3761
2015-07-07,48.2081
2015-07-08,48.0948
2015-07-09,48.6672
2015-07-10,48.8517
2015-07-13,50.7122
2015-07-14,50.8686
2015-07-15,51.1444
2015-07-16,52.8739
2015-07-17,52.7894
2015-07-20,53.3577
2015-07-21,54.0329
2015-07-22,50.4435
2015-07-23,51.5165
2015-07-24,51.1804
2015-07-27,50.0284
2015-07-28,50.009
2015-07-29,51.8143
2015-07-30,52.8888
2015-07-31,52.5254
2015-08-03,52.7273
2015-08-04,54.046
2015-08-05,54.1173
2015-08-06,52.1422
2015-08-07,52.3632
2015-08-10,53.4383
2015-08-11,51.5919
2015-08-12,52.1944
2015-08-13,52.1744
2015-08-14,52.6727
2015-08-17,53.2596
2015-08-18,53.1548
2015-08-19,51.7877
2015-08-20,49.9086
2015-08-21,45.3469
2015-08-24,43.1923
2015-08-25,41.4488
2015-08-26,45.584
2015-08-27,47.5839
2015-08-28,47.6333
2015-08-31,47.0181
2015-09-01,44.59
2015-09-02,47.1064
2015-09-03,47.3275
2015-09-04,46.082
2015-09-08,48.0805
2015-09-09,46.9468
2015-09-10,47.2859
2015-09-11,47.5802
2015-09-14,46.9628
2015-09-15,48.4171
2015-09-16,48.9021
2015-09-17,48.8291
2015-09-18,47.7143
2015-09-21,48.689
2015-09-22,48.3833
2015-09-23,48.3392
2015-09-24,48.403
2015-09-25,48.4515
2015-09-28,47.4677
2015-09-29,47.7168
2015-09-30,49.0599
2015-10-01,49.6216
2015-10-02,51.125
2015-10-05,52.7096
2015-10-06,52.8854
2015-10-07,52.9596
2015-10-08,53.918
2015-10-09,53.3399
2015-10-12,53.1524
2015-10-13,52.963
2015-10-14,52.5993
2015-10-15,53.1139
2015-10-16,53.8853
2015-10-19,54.0545
2015-10-20,54.287
2015-10-21,53.2457
2015-10-22,54.537
2015-10-23,60.9349
2015-10-26,62.4665
2015-10-27,61.4719
2015-10-28,61.7923
2015-10-29,60.695
2015-10-30,59.4483
2015-11-02,60.1421
2015-11-03,61.1669
2015-11-04,61.4438
2015-11-05,61.4082
2015-11-06,62.013
2015-11-09,60.6525
2015-11-10,59.5168
2015-11-11,59.6822
2015-11-12,59.1035
2015-11-13,58.2678
2015-11-16,59.393
2015-11-17,58.0256
2015-11-18,59.0859
2015-11-19,59.1932
2015-11-20,59.493
2015-11-23,59.493
2015-11-24,59.5668
2015-11-25,58.5549
2015-11-27,58.8595
2015-11-30,59.3906
2015-12-01,60.4658
2015-12-02,60.4471
2015-12-03,58.5854
2015-12-04,60.6709
2015-12-07,60.4898
2015-12-08,60.453
2015-12-09,58.9788
2015-12-10,59.3398
2015-12-11,57.2036
2015-12-14,58.5578
2015-12-15,58.6318
2015-12-16,59.7636
2015-12-17,59.0045
2015-12-18,56.3472
2015-12-21,57.2208
2015-12-22,57.8578
2015-12-23,58.4269
2015-12-24,58.172
2015-12-28,58.5156
2015-12-29,59.2452
2015-12-30,58.8244
2015-12-31,57.3906
2016-01-04,56.2483
2016-01-05,56.5715
2016-01-06,54.9213
2016-01-07,52.0202
2016-01-08,52.2386
2016-01-11,52.1933
2016-01-12,52.8583
2016-01-13,51.1401
2016-01-14,53.1377
2016-01-15,50.1317
2016-01-19,49.5535
2016-01-20,49.868
2016-01-21,49.4454
2016-01-22,51.8671
2016-01-25,51.1784
2016-01-26,51.6743
2016-01-27,50.3734
2016-01-28,51.4656
2016-01-29,55.1168
2016-02-01,54.5939
2016-02-02,52.3221
2016-02-03,51.2566
2016-02-04,51.0552
2016-02-05,48.8122
2016-02-08,47.9392
2016-02-09,47.7885
2016-02-10,48.3347
2016-02-11,48.3108
2016-02-12,49.3426
2016-02-16,50.0807
2016-02-17,51.6943
2016-02-18,51.4021
2016-02-19,50.9312
2016-02-22,51.9358
2016-02-23,50.0887
2016-02-24,50.3088
2016-02-25,51.2082
2016-02-26,50.2091
2016-02-29,49.6915
2016-03-01,51.7394
2016-03-02,52.1704
2016-03-03,51.4133
2016-03-04,51.0118
2016-03-07,49.7764
2016-03-08,50.5317
2016-03-09,51.9425
2016-03-10,50.9613
2016-03-11,52.1482
2016-03-14,52.2634
2016-03-15,52.7492
2016-03-16,53.6178
2016-03-17,53.9689
2016-03-18,52.4455
2016-03-21,52.8733
2016-03-22,53.1167
2016-03-23,52.9842
2016-03-24,53.2688
2016-03-28,52.3688
2016-03-29,53.7563
2016-03-30,54.1509
2016-03-31,54.3607
2016-04-01,54.7582
2016-04-04,54.5592
2016-04-05,53.3344
2016-04-06,54.0102
2016-04-07,53.0887
2016-04-08,53.0329
2016-04-11,52.8776
2016-04-12,53.3075
2016-04-13,54.1827
2016-04-14,54.1951
2016-04-15,54.5599
2016-04-18,55.5651
2016-04-19,55.4573
2016-04-20,54.2342
2016-04-21,54.4767
2016-04-22,48.9267
2016-04-25,49.3595
2016-04-26,48.5106
2016-04-27,47.8856
2016-04-28,46.6153
2016-04-29,46.579
2016-05-02,47.6012
2016-05-03,46.5845
2016-05-04,46.71
2016-05-05,46.8089
2016-05-06,47.4462
2016-05-09,47.0386
2016-05-10,48.3774
2016-05-11,48.4193
2016-05-12,49.0636
2016-05-13,48.4879
2016-05-16,49.5382
2016-05-17,47.794
2016-05-18,48.2154
2016-05-19,47.5775
2016-05-20,48.0058
2016-05-23,47.2339
2016-05-24,49.4206
2016-05-25,50.1345
2016-05-26,49.8242
2016-05-27,50.4079
2016-05-31,51.3187
2016-06-01,51.1081
2016-06-02,50.5875
2016-06-03,49.6286
2016-06-06,50.1025
2016-06-07,50.0603
2016-06-08,49.9745
2016-06-09,49.3726
2016-06-10,49.1718
2016-06-13,47.2996
2016-06-14,46.8797
2016-06-15,46.6893
2016-06-16,47.7678
2016-06-17,47.4056
2016-06-20,47.3213
2016-06-21,49.04
2016-06-22,48.7511
2016-06-23,50.1253
2016-06-24,47.2146
2016-06-27,45.4097
2016-06-28,46.8989
2016-06-29,48.4564
2016-06-30,49.3221
2016-07-01,49.3087
2016-07-05,49.3227
2016-07-06,49.6191
2016-07-07,49.6191
2016-07-08,50.9201
2016-07-11,51.323
2016-07-12,52.1766
2016-07-13,52.5857
2016-07-14,52.8999
2016-07-15,52.838
2016-07-18,53.2001
2016-07-19,51.8455
2016-07-20,55.5741
2016-07-21,55.4039
2016-07-22,56.3553
2016-07-25,56.5511
2016-07-26,56.5883
2016-07-27,55.6686
2016-07-28,55.6943
2016-07-29,56.2996
2016-08-01,56.1337
2016-08-02,56.1337
2016-08-03,56.649
2016-08-04,57.1996
2016-08-05,57.937
2016-08-08,58.0659
2016-08-09,58.2481
2016-08-10,57.9191
2016-08-11,58.2917
2016-08-12,57.6246
2016-08-15,57.8697
2016-08-16,56.6114
2016-08-17,56.78
2016-08-18,56.8369
2016-08-19,56.8658
2016-08-22,56.939
2016-08-23,57.2635
2016-08-24,57.3527
2016-08-25,57.6818
2016-08-26,57.3951
2016-08-29,57.5025
2016-08-30,57.0637
2016-08-31,56.171
2016-09-01,56.3808
2016-09-02,56.5111
2016-09-06,56.3827
2016-09-07,56.4665
2016-09-08,55.9633
2016-09-09,53.3962
2016-09-12,54.8465
2016-09-13,53.7926
2016-09-14,53.2524
2016-09-15,54.8411
2016-09-16,54.9416
2016-09-19,54.2865
2016-09-20,54.0408
2016-09-21,55.6567
2016-09-22,55.7566
2016-09-23,54.9384
2016-09-26,53.8463
2016-09-27,55.6235
2016-09-28,55.7555
2016-09-29,54.4582
2016-09-30,54.7977
2016-10-03,54.4263
2016-10-04,54.0538
2016-10-05,54.7537
2016-10-06,54.9283
2016-10-07,55.0342
2016-10-10,55.4597
2016-10-11,53.6317
2016-10-12,53.463
2016-10-13,53.06
2016-10-14,53.9883
2016-10-17,53.5574
2016-10-18,54.372
2016-10-19,54.087
2016-10-20,53.473
2016-10-21,57.6784
2016-10-24,59.7362
2016-10-25,59.7142
2016-10-26,58.9185
2016-10-27,57.7661
2016-10-28,57.2718
2016-10-31,57.3525
2016-11-01,57.0893
2016-11-02,56.2797
2016-11-03,55.8012
2016-11-04,54.7258
2016-11-07,57.5698
2016-11-08,57.6489
2016-11-09,57.0005
2016-11-10,53.9752
2016-11-11,54.5097
2016-11-14,52.7573
2016-11-15,54.0103
2016-11-16,55.2651
2016-11-17,56.7869
2016-11-18,56.2172
2016-11-21,56.9889
2016-11-22,57.3784
2016-11-23,55.9515
2016-11-25,56.1517
2016-11-28,56.2761
2016-11-29,57.02
2016-11-30,55.3637
2016-12-01,53.351
2016-12-02,53.4323
2016-12-05,54.9785
2016-12-06,54.4666
2016-12-07,56.6266
2016-12-08,55.9424
2016-12-09,57.3402
2016-12-12,57.6251
2016-12-13,58.7592
2016-12-14,58.1728
2016-12-15,57.9766
2016-12-16,57.4253
2016-12-19,59.2817
2016-12-20,59.1228
2016-12-21,59.1228
2016-12-22,59.1369
2016-12-23,58.4982
2016-12-27,58.5569
2016-12-28,57.9522
2016-12-29,57.764
2016-12-30,56.1962
2017-01-03,56.8852
2017-01-04,56.312
2017-01-05,56.312
2017-01-06,57.1727
2017-01-09,56.7516
2017-01-10,56.7091
2017-01-11,57.6282
2017-01-12,56.3893
2017-01-13,56.5368
2017-01-17,56.1719
2017-01-18,56.107
2017-01-19,55.6704
2017-01-20,56.4289
2017-01-23,56.8047
2017-01-24,57.7481
2017-01-25,58.0145
2017-01-26,58.9843
2017-01-27,61.3104
2017-01-30,59.8252
2017-01-31,58.7563
2017-02-01,56.4691
2017-02-02,55.6253
2017-02-03,56.4485
2017-02-06,56.3651
2017-02-07,55.9239
2017-02-08,55.7338
2017-02-09,56.9251
2017-02-10,56.7956
2017-02-13,57.9629
2017-02-14,57.633
2017-02-15,57.5442
2017-02-16,57.5216
2017-02-17,57.6902
2017-02-21,57.3892
2017-02-22,57.0863
2017-02-23,57.5421
2017-02-24,57.5421
2017-02-27,56.6094
2017-02-28,56.0175
2017-03-01,57.7429
2017-03-02,55.5943
2017-03-03,56.0238
2017-03-06,56.0598
2017-03-07,56.2963
2017-03-08,57.3559
2017-03-09,56.7394
2017-03-10,57.1002
2017-03-13,56.5725
2017-03-14,55.8567
2017-03-15,56.4912
2017-03-16,56.2253
2017-03-17,56.659
2017-03-20,56.7727
2017-03-21,55.0125
2017-03-22,56.5719
2017-03-23,56.1855
2017-03-24,56.3937
2017-03-27,56.6225
2017-03-28,56.9858
2017-03-29,57.3302
2017-03-30,57.7883
2017-03-31,58.0745
2017-04-03,57.2587
2017-04-04,57.6103
2017-04-05,57.1587
2017-04-06,57.4975
2017-04-07,57.3619
2017-04-10,56.9518
2017-04-11,56.8142
2017-04-12,56.1243
2017-04-13,55.3587
2017-04-17,56.5009
2017-04-18,56.2524
2017-04-19,55.2905
2017-04-20,56.2895
2017-04-21,58.15
2017-04-24,60.3073
2017-04-25,61.0127
2017-04-26,60.7593
2017-04-27,61.5531
2017-04-28,61.8917
2017-05-01,63.5249
2017-05-02,63.2059
2017-05-03,62.5669
2017-05-04,61.7874
2017-05-05,62.1251
2017-05-08,61.9493
2017-05-09,62.1309
2017-05-10,62.6209
2017-05-11,60.1301
2017-05-12,59.9021
2017-05-15,59.9985
2017-05-16,61.8281
2017-05-17,56.6397
2017-05-18,57.0762
2017-05-19,57.0254
2017-05-22,58.4535
2017-05-23,58.8742
2017-05-24,59.0392
2017-05-25,60.5591
2017-05-26,61.1456
2017-05-30,61.908
2017-05-31,60.3818
2017-06-01,60.8298
2017-06-02,63.5086
2017-06-05,64.2867
2017-06-06,64.6405
2017-06-07,64.2897
2017-06-08,63.1105
2017-06-09,59.0314
2017-06-12,57.7733
2017-06-13,59.198
2017-06-14,58.324
2017-06-15,57.4835
2017-06-16,57.6513
2017-06-19,59.0795
2017-06-20,56.9252
2017-06-21,57.516
2017-06-22,57.4937
2017-06-23,59.0267
2017-06-26,57.5167
2017-06-27,54.7517
2017-06-28,55.7193
2017-06-29,53.1529
2017-06-30,53.8785
2017-07-03,52.4514
2017-07-05,53.9371
2017-07-06,52.9934
2017-07-07,54.409
2017-07-10,55.2104
2017-07-11,55.2258
2017-07-12,56.9702
2017-07-13,57.8625
2017-07-14,59.2621
2017-07-17,60.0241
2017-07-18,59.9241
2017-07-19,60.6704
2017-07-20,61.1434
2017-07-21,60.263
2017-07-24,59.8756
2017-07-25,60.6739
2017-07-26,60.384
2017-07-27,58.5746
2017-07-28,58.3349
2017-07-31,57.6551
2017-08-01,57.415
2017-08-02,56.7737
2017-08-03,56.5529
2017-08-04,57.3654
2017-08-07,56.7948
2017-08-08,57.3951
2017-08-09,56.7373
2017-08-10,54.6284
2017-08-11,56.326
2017-08-14,57.9269
2017-08-15,57.203
2017-08-16,57.8259
2017-08-17,55.4407
2017-08-18,55.5749
2017-08-21,54.9393
2017-08-22,56.444
2017-08-23,55.6212
2017-08-24,55.565
2017-08-25,55.7619
2017-08-28,55.7772
2017-08-29,56.1173
2017-08-30,57.5657
2017-08-31,58.664
2017-09-01,57.0247
2017-09-05,56.3876
2017-09-06,55.9829
2017-09-07,57.3757
2017-09-08,56.6772
2017-09-11,57.8089
2017-09-12,57.6518
2017-09-13,58.4131
2017-09-14,57.5398
2017-09-15,58.3176
2017-09-18,58.0174
2017-09-19,58.4237
2017-09-20,57.4146
2017-09-21,55.9792
2017-09-22,56.2837
2017-09-25,54.0955
2017-09-26,54.0955
2017-09-27,55.0232
2017-09-28,55.0546
2017-09-29,56.0199
2017-10-02,56.2051
2017-10-03,55.5119
2017-10-04,56.187
2017-10-05,58.1112
2017-10-06,58.155
2017-10-09,58.5808
2017-10-10,58.5808
2017-10-11,58.7752
2017-10-12,59.8085
2017-10-13,60.3428
2017-10-16,60.5733
2017-10-17,60.4394
2017-10-18,60.469
2017-10-19,60.9157
2017-10-20,62.218
2017-10-23,62.2464
2017-10-24,62.2897
2017-10-25,61.7378
2017-10-26,61.9317
2017-10-27,68.2806
2017-10-30,68.3656
2017-10-31,66.7513
2017-11-01,66.7513
2017-11-02,67.7173
2017-11-03,67.8157
2017-11-06,68.1772
2017-11-07,67.7084
2017-11-08,68.0326
2017-11-09,66.9253
2017-11-10,66.4107
2017-11-13,66.4822
2017-11-14,66.6266
2017-11-15,64.1212
2017-11-16,64.4011
2017-11-17,62.5953
2017-11-20,62.7678
2017-11-21,64.3006
2017-11-22,62.9497
2017-11-24,63.1433
2017-11-27,63.9231
2017-11-28,65.1641
2017-11-29,61.8643
2017-11-30,62.8942
2017-12-01,63.0043
2017-12-04,56.9306
2017-12-05,57.5973
2017-12-06,59.0996
2017-12-07,58.5852
2017-12-08,60.5938
2017-12-11,61.801
2017-12-12,62.1863
2017-12-13,61.7699
2017-12-14,60.586
2017-12-15,62.9494
2017-12-18,62.1251
2017-12-19,61.1718
2017-12-20,60.6385
2017-12-21,60.6038
2017-12-22,60.6152
2017-12-26,60.4188
2017-12-27,60.783
2017-12-28,60.7949
2017-12-29,60.4609
2018-01-02,60.9577
2018-01-03,61.4384
2018-01-04,62.3345
2018-01-05,63.5582
2018-01-08,63.6583
2018-01-09,63.54
2018-01-10,62.7495
2018-01-11,63.0534
2018-01-12,64.7621
2018-01-16,62.3505
2018-01-17,64.2872
2018-01-18,64.2121
2018-01-19,64.022
2018-01-22,65.6849
2018-01-23,65.973
2018-01-24,65.818
2018-01-25,66.3309
2018-01-26,67.9878
2018-01-29,67.7136
2018-01-30,65.4507
2018-01-31,67.5708
2018-02-01,66.2057
2018-02-02,61.9942
2018-02-05,56.4301
2018-02-06,59.6727
2018-02-07,57.4277
2018-02-08,52.097
2018-02-09,55.0229
2018-02-12,55.8448
2018-02-13,56.4413
2018-02-14,57.2632
2018-02-15,58.7572
2018-02-16,58.0213
2018-02-20,58.5966
2018-02-21,57.234
2018-02-22,57.4304
2018-02-23,59.2771
2018-02-26,60.2994
2018-02-27,58.9494
2018-02-28,58.4801
2018-03-01,57.4844
2018-03-02,57.6439
2018-03-05,58.1151
2018-03-06,57.7606
2018-03-07,58.1981
2018-03-08,58.6578
2018-03-09,60.3011
2018-03-12,60.4752
2018-03-13,57.8281
2018-03-14,57.2236
2018-03-15,57.4899
2018-03-16,57.8297
2018-03-19,55.9773
2018-03-20,56.1776
2018-03-21,55.4822
2018-03-22,52.7346
2018-03-23,50.2779
2018-03-26,55.5974
2018-03-27,51.9094
2018-03-28,51.8444
2018-03-29,53.2419
2018-04-02,51.0386
2018-04-03,51.9143
2018-04-04,53.7657
2018-04-05,53.8002
2018-04-06,52.0991
2018-04-09,52.4829
2018-04-10,53.9489
2018-04-11,53.1429
2018-04-12,54.3134
2018-04-13,53.9152
2018-04-16,54.6522
2018-04-17,55.9023
2018-04-18,56.1418
2018-04-19,55.8666
2018-04-20,54.9456
2018-04-23,55.1825
2018-04-24,53.3641
2018-04-25,52.7224
2018-04-26,54.0745
2018-04-27,55.1188
2018-04-30,53.3016
2018-05-01,54.2878
2018-05-02,53.1389
2018-05-03,53.5149
2018-05-04,54.2416
2018-05-07,54.9384
2018-05-08,54.6113
2018-05-09,55.3563
2018-05-10,55.9869
2018-05-11,55.8133
2018-05-14,56.0312
2018-05-15,55.4332
2018-05-16,55.2895
2018-05-17,54.4704
2018-05-18,54.5973
2018-05-21,55.4672
2018-05-22,55.3802
2018-05-23,56.1909
2018-05-24,55.8794
2018-05-25,55.9149
2018-05-29,55.5963
2018-05-30,56.2766
2018-05-31,56.1742
2018-06-01,57.5664
2018-06-04,58.1762
2018-06-05,58.5342
2018-06-06,58.7414
2018-06-07,57.1818
2018-06-08,57.7137
2018-06-11,57.1553
2018-06-12,57.3435
2018-06-13,56.894
2018-06-14,57.3156
2018-06-15,56.0538
2018-06-18,56.6036
2018-06-19,56.6036
2018-06-20,57.3668
2018-06-21,56.6347
2018-06-22,55.9091
2018-06-25,53.9636
2018-06-26,54.5135
2018-06-27,53.0747
2018-06-28,53.9495
2018-06-29,53.9308
2018-07-02,55.0437
2018-07-03,54.1318
2018-07-05,54.6963
2018-07-06,55.7873
2018-07-09,56.3146
2018-07-10,56.521
2018-07-11,56.3806
2018-07-12,58.0537
2018-07-13,58.9521
2018-07-16,58.4185
2018-07-17,59.1701
2018-07-18,58.3146
2018-07-19,57.5802
2018-07-20,58.9458
2018-07-23,60.1324
2018-07-24,59.8118
2018-07-25,61.9229
2018-07-26,60.6855
2018-07-27,58.7706
2018-07-30,56.6078
2018-07-31,57.1012
2018-08-01,57.2405
2018-08-02,58.1323
2018-08-03,58.4533
2018-08-06,58.5153
2018-08-07,59.0329
2018-08-08,59.4514
2018-08-09,59.5753
2018-08-10,58.894
2018-08-13,58.0974
2018-08-14,59.0598
2018-08-15,57.1801
2018-08-16,57.1606
2018-08-17,57.1013
2018-08-20,56.3968
2018-08-21,55.5236
2018-08-22,56.3575
2018-08-23,56.7394
2018-08-24,57.3766
2018-08-27,58.2695
2018-08-28,58.7528
2018-08-29,60.0088
2018-08-30,59.935
2018-08-31,60.2053
2018-09-04,59.5389
2018-09-05,56.2506
2018-09-06,56.4406
2018-09-07,55.9172
2018-09-10,56.8162
2018-09-11,58.1946
2018-09-12,58.5347
2018-09-13,59.3925
2018-09-14,59.7173
2018-09-17,58.4459
2018-09-18,59.2141
2018-09-19,57.6837
2018-09-20,59.0177
2018-09-21,59.4968
2018-09-24,59.7809
2018-09-25,59.5529
2018-09-26,59.0636
2018-09-27,59.3742
2018-09-28,59.3316
2018-10-01,60.2308
2018-10-02,59.7325
2018-10-03,59.7473
2018-10-04,57.2158
2018-10-05,56.5402
2018-10-08,55.2535
2018-10-09,56.3659
2018-10-10,50.8088
2018-10-11,50.6008
2018-10-12,53.4377
2018-10-15,51.8091
2018-10-16,54.256
2018-10-17,54.0181
2018-10-18,52.2428
2018-10-19,52.358
2018-10-22,53.0567
2018-10-23,51.8374
2018-10-24,47.632
2018-10-25,51.7504
2018-10-26,50.8393
2018-10-29,48.811
2018-10-30,48.7347
2018-10-31,50.7443
2018-11-01,50.1664
2018-11-02,50.3215
2018-11-05,51.1907
2018-11-06,51.3255
2018-11-07,53.9361
2018-11-08,53.7908
2018-11-09,52.3032
2018-11-12,50.5426
2018-11-13,50.5865
2018-11-14,49.3345
2018-11-15,50.7869
2018-11-16,51.4063
2018-11-19,49.1218
2018-11-20,47.4224
2018-11-21,48.2975
2018-11-23,48.2742
2018-11-26,50.3487
2018-11-27,50.7446
2018-11-28,53.008
2018-11-29,52.4355
2018-11-30,52.8255
2018-12-03,53.4904
2018-12-04,51.3028
2018-12-06,51.6799
2018-12-07,49.1547
2018-12-10,50.7073
2018-12-11,51.2538
2018-12-12,51.5216
2018-12-13,51.7252
2018-12-14,49.7602
2018-12-17,48.0556
2018-12-18,48.6707
2018-12-19,48.5192
2018-12-20,47.3525
2018-12-21,45.672
2018-12-24,43.7006
2018-12-26,47.3267
2018-12-27,47.6573
2018-12-28,47.2729
2018-12-31,47.9111
2019-01-02,47.6873
2019-01-03,45.8848
2019-01-04,48.3046
2019-01-07,48.3719
2019-01-08,48.7585
2019-01-09,49.5221
2019-01-10,49.1824
2019-01-11,48.7761
2019-01-14,48.395
2019-01-15,49.9642
2019-01-16,50.1568
2019-01-17,50.5441
2019-01-18,51.3698
2019-01-22,50.2799
2019-01-23,50.8183
2019-01-24,50.5427
2019-01-25,51.0561
2019-01-28,49.9206
2019-01-29,48.7907
2019-01-30,50.6179
2019-01-31,49.5977
2019-02-01,48.7522
2019-02-04,50.2979
2019-02-05,51.0487
2019-02-06,50.4259
2019-02-07,50.0295
2019-02-08,50.2388
2019-02-11,50.0151
2019-02-12,50.8838
2019-02-13,50.84
2019-02-14,50.8884
2019-02-15,51.5992
2019-02-19,51.5704
2019-02-20,50.9811
2019-02-21,52.2116
2019-02-22,53.0391
2019-02-25,53.3654
2019-02-26,53.7712
2019-02-27,53.6541
2019-02-28,53.5666
2019-03-01,53.8399
2019-03-04,53.6664
2019-03-05,53.3043
2019-03-06,53.3329
2019-03-07,52.4445
2019-03-08,52.5155
2019-03-11,53.8691
2019-03-12,54.32
2019-03-13,54.8203
2019-03-14,54.8717
2019-03-15,55.6247
2019-03-18,56.5519
2019-03-19,56.5964
2019-03-20,56.5009
2019-03-21,57.9981
2019-03-22,55.7087
2019-03-25,56.0482
2019-03-26,56.1882
2019-03-27,55.3705
2019-03-28,55.463
2019-03-29,56.0478
2019-04-01,56.6666
2019-04-02,56.7641
2019-04-03,57.213
2019-04-04,56.7444
2019-04-05,57.0552
2019-04-08,57.0788
2019-04-09,56.5637
2019-04-10,57.1148
2019-04-11,57.1997
2019-04-12,57.5782
2019-04-15,57.6396
2019-04-16,57.4029
2019-04-17,58.0289
2019-04-18,59.0092
2019-04-22,59.2451
2019-04-23,60.2475
2019-04-24,59.8643
2019-04-25,62.2175
2019-04-26,62.6159
2019-04-29,62.5072
2019-04-30,62.9595
2019-05-01,60.5261
2019-05-02,59.0999
2019-05-03,60.62
2019-05-06,59.9878
2019-05-07,57.8371
2019-05-08,57.8291
2019-05-09,57.821
2019-05-10,58.7839
2019-05-13,55.7807
2019-05-14,56.6038
2019-05-15,57.3584
2019-05-16,58.994
2019-05-17,58.3217
2019-05-20,56.903
2019-05-21,57.2913
2019-05-22,57.7299
2019-05-23,56.5863
2019-05-24,56.6215
2019-05-28,56.5593
2019-05-29,55.6125
2019-05-30,56.0965
2019-05-31,54.5275
2019-06-03,51.7691
2019-06-04,53.823
2019-06-05,55.377
2019-06-06,56.487
2019-06-07,58.3809
2019-06-10,58.9894
2019-06-11,58.6262
2019-06-12,58.1817
2019-06-13,58.6158
2019-06-14,58.6842
2019-06-17,58.8965
2019-06-18,60.1006
2019-06-19,60.3714
2019-06-20,61.0114
2019-06-21,61.0215
2019-06-24,61.4354
2019-06-25,58.0678
2019-06-26,58.3348
2019-06-27,58.4532
2019-06-28,58.3077
2019-07-01,59.2415
2019-07-02,59.7216
2019-07-03,60.1878
2019-07-05,59.8675
2019-07-08,59.7866
2019-07-09,59.3786
2019-07-10,60.1475
2019-07-11,60.4487
2019-07-12,60.7232
2019-07-15,60.7232
2019-07-16,59.1772
2019-07-17,58.5031
2019-07-18,58.5919
2019-07-19,58.7118
2019-07-22,59.783
2019-07-23,60.281
2019-07-24,61.0955
2019-07-25,60.6269
2019-07-26,61.2822
2019-07-29,61.0039
2019-07-30,60.392
2019-07-31,56.9092
2019-08-01,57.9901
2019-08-02,57.0471
2019-08-05,53.4717
2019-08-06,54.9887
2019-08-07,55.341
2019-08-08,57.4148
2019-08-09,56.542
2019-08-12,55.1547
2019-08-13,56.7347
2019-08-14,53.5784
2019-08-15,53.3823
2019-08-16,54.7576
2019-08-19,55.9865
2019-08-20,55.2172
2019-08-21,56.0345
2019-08-22,55.3563
2019-08-23,52.5449
2019-08-26,53.6678
2019-08-27,53.8242
2019-08-28,53.7098
2019-08-29,55.091
2019-08-30,54.9217
2019-09-03,53.7463
2019-09-04,54.6094
2019-09-05,55.8835
2019-09-06,55.2642
2019-09-09,54.2474
2019-09-10,53.3378
2019-09-11,53.3599
2019-09-12,54.1328
2019-09-13,54.0028
2019-09-16,53.3577
2019-09-17,53.9566
2019-09-18,54.5887
2019-09-19,55.9757
2019-09-20,54.886
2019-09-23,54.6867
2019-09-24,53.5273
2019-09-25,54.6278
2019-09-26,54.7269
2019-09-27,53.5311
2019-09-30,54.2611
2019-10-01,52.9849
2019-10-02,51.465
2019-10-03,52.4003
2019-10-04,53.4304
2019-10-07,52.7989
2019-10-08,51.8944
2019-10-09,53.3353
2019-10-10,53.8061
2019-10-11,54.1236
2019-10-14,54.039
2019-10-15,55.1502
2019-10-16,54.381
2019-10-17,53.9084
2019-10-18,52.4408
2019-10-21,53.0226
2019-10-22,51.723
2019-10-23,52.2259
2019-10-24,53.7466
2019-10-25,54.1806
2019-10-28,56.0186
2019-10-29,55.1345
2019-10-30,56.0576
2019-10-31,55.2523
2019-11-01,55.436
2019-11-04,55.873
2019-11-05,55.8127
2019-11-06,55.5415
2019-11-07,55.6511
2019-11-08,56.5761
2019-11-11,56.6572
2019-11-12,57.1778
2019-11-13,57.3082
2019-11-14,57.7173
2019-11-15,58.7413
2019-11-18,58.9372
2019-11-19,58.964
2019-11-20,58.3679
2019-11-21,58.259
2019-11-22,58.3212
2019-11-25,59.241
2019-11-26,59.6825
2019-11-27,59.8428
2019-11-29,59.0685
2019-12-02,57.5932
2019-12-03,57.402
2019-12-04,57.7232
2019-12-05,57.7711
2019-12-06,58.8513
2019-12-09,58.525
2019-12-10,58.3311
2019-12-11,58.6762
2019-12-12,59.5955
2019-12-13,60.347
2019-12-16,60.92
2019-12-17,60.1772
2019-12-18,59.8943
2019-12-19,60.6815
2019-12-20,61.6526
2019-12-23,61.6526
2019-12-24,61.6248
2019-12-26,62.3663
2019-12-27,62.5318
2019-12-30,61.238
2019-12-31,61.3033
2020-01-02,62.9885
2020-01-03,61.1341
2020-01-06,61.3712
2020-01-07,60.0537
2020-01-08,61.5084
2020-01-09,62.6116
2020-01-10,61.9346
2020-01-13,62.9874
2020-01-14,61.9545
2020-01-15,62.5251
2020-01-16,64.0849
2020-01-17,64.5516
2020-01-21,64.0059
2020-01-22,63.2806
2020-01-23,63.8123
2020-01-24,62.3011
2020-01-27,59.93
2020-01-28,61.6406
2020-01-29,62.9457
2020-01-30,65.1605
2020-01-31,63.0972
2020-02-03,64.9348
2020-02-04,67.2301
2020-02-05,67.059
2020-02-06,68.4436
2020-02-07,68.5374
2020-02-10,70.2028
2020-02-11,67.0082
2020-02-12,67.1047
2020-02-13,66.3736
2020-02-14,66.9737
2020-02-18,67.6468
2020-02-19,67.6646
2020-02-20,65.5635
2020-02-21,61.5985
2020-02-24,56.9708
2020-02-25,55.4202
2020-02-26,56.3205
2020-02-27,50.4092
2020-02-28,52.0443
2020-03-02,56.1798
2020-03-03,52.6344
2020-03-04,54.7527
2020-03-05,53.0432
2020-03-06,51.2561
2020-03-09,47.467
2020-03-10,50.9365
2020-03-11,48.6251
2020-03-12,44.519
2020-03-13,50.3092
2020-03-16,44.6925
2020-03-17,47.5299
2020-03-18,46.1962
2020-03-19,46.7649
2020-03-20,45.6269
2020-03-23,45.3401
